title, id, link, display, culture, type,medium simple,medium detail, medium, date, origin, link2, topic,animals, period
Six groups of fighting animals,edanmdm-fsg_F1907.581,https://asia.si.edu/object/F1907.581/,No,Himalayan peoples%South Asians,Painting%,paper,ink,Ink on paper,18th century,India,https://asia.si.edu/object/F1907.581/,South Asian and Himalayan Art%Cats%Art%Animals%Mughal dynasty (1526 - 1858)%Antelope%,"antelope, leopard,lion",Mughal dynasty
Support in the form of a bear,edanmdm-fsg_F1919.64,https://asia.si.edu/object/F1919.64/,No,Chinese,Metalwork%Furniture and Furnishing%,metal,bronze with gilding,Bronze with gilding% turquoise inlay% and red pigment (?),206 BCE-220 CE possibly 1st century CE,China,https://asia.si.edu/object/F1919.64/,Gilding%Art%Animals%Sculpture%Chinese Art%Inlay%Bears%Han dynasty (206 BCE - 220 CE)%,bear,Han dynasty
Support in the form of a bear,edanmdm-fsg_F1919.77,https://asia.si.edu/object/F1919.77/,No,Chinese,Sculpture%Metalwork%,metal,bronze with gilding,Bronze with gilding,206 BCE-220 CE,China,https://asia.si.edu/object/F1919.77/,Gilding%Art%Animals%Sculpture%Chinese Art%Bears%Han dynasty (206 BCE - 220 CE)%,bear,Han dynasty
Support in the form of a bear,edanmdm-fsg_F1919.78,https://asia.si.edu/object/F1919.78/,No,Chinese,Sculpture%Metalwork%,metal,bronze with gilding,Bronze with gilding,206 BCE-220 CE,China,https://asia.si.edu/object/F1919.78/,Gilding%Art%Animals%Sculpture%Chinese Art%Bears%Han dynasty (206 BCE - 220 CE)%,bear,Han dynasty
Ornament with bear,edanmdm-fsg_F1913.101,https://asia.si.edu/object/F1913.101/,No,Chinese,Metalwork%,metal,bronze with gilding,Bronze with gilding,206 BCE-220 CE,China,https://asia.si.edu/object/F1913.101/,Gilding%Art%Animals%Sculpture%Chinese Art%Bears%Han dynasty (206 BCE - 220 CE)%,bear,Han dynasty
Ornament with bear,edanmdm-fsg_F1913.188,https://asia.si.edu/object/F1913.188/,No,Chinese,Metalwork%,metal,bronze with gilding,Bronze with gilding,206 BCE-220 CE,China,https://asia.si.edu/object/F1913.188/,Gilding%Art%Animals%Sculpture%Chinese Art%Bears%Han dynasty (206 BCE - 220 CE)%,bear,Han dynasty
Support in the form of bear,edanmdm-fsg_F1915.40,https://asia.si.edu/object/F1915.40/,No,Chinese,Metalwork%Furniture and Furnishing%,metal,bronze,Bronze,206 BCE-220 CE,China,https://asia.si.edu/object/F1915.40/,Gilding%Art%Animals%Sculpture%Chinese Art%Bears%Han dynasty (206 BCE - 220 CE)%,bear,Possibly Han dynasty
Support in the form of a bear,edanmdm-fsg_F1915.41,https://asia.si.edu/object/F1915.41/,No,Chinese,Metalwork%Furniture and Furnishing%,metal,bronze with gilding,Bronze with gilding,206 BCE-220 CE,China,https://asia.si.edu/object/F1915.41/,Gilding%Art%Animals%Sculpture%Chinese Art%Bears%Han dynasty (206 BCE - 220 CE)%,bear,Han dynasty
Support in the form of a bear,edanmdm-fsg_F1915.74,https://asia.si.edu/object/F1915.74/,No,Chinese,Metalwork%Furniture and Furnishing%,metal,bronze with inlay,Bronze with gilding and turquoise inlay,206 BCE-220 CE,China,https://asia.si.edu/object/F1915.74/,Gilding%Art%Animals%Eastern Zhou dynasty (770 - 221 BCE)%Sculpture%Chinese Art%Inlay%Western Han dynasty (206 BCE - 9 CE)%Bears%Han dynasty (206 BCE - 220 CE)%,bear,Han dynasty
Support in the form of a bear,edanmdm-fsg_F1915.140,https://asia.si.edu/object/F1915.140/,No,Chinese,Metalwork%Furniture and Furnishing%,metal,bronze,Bronze,206 BCE-220 CE,China,https://asia.si.edu/object/F1915.140/,Art%Animals%Sculpture%Chinese Art%Bears%Han dynasty (206 BCE - 220 CE)%,bear,Han dynasty
Support in the form of a bear,edanmdm-fsg_F1915.141,https://asia.si.edu/object/F1915.141/,No,Chinese,Metalwork%Furniture and Furnishing%,metal,bronze,Bronze,206 BCE-220 CE,China,https://asia.si.edu/object/F1915.141/,Art%Animals%Sculpture%Chinese Art%Bears%Han dynasty (206 BCE - 220 CE)%,bear,Han dynasty
Support in the form of a bear,edanmdm-fsg_F1915.151,https://asia.si.edu/object/F1915.151/,No,Chinese,Metalwork%Furniture and Furnishing%,metal,bronze,Bronze,206 BCE-220 CE,China,https://asia.si.edu/object/F1915.151/,Art%Animals%Sculpture%Chinese Art%Bears%Han dynasty (206 BCE - 220 CE)%,bear,Han dynasty
Support in the form of a bear,edanmdm-fsg_F1915.152,https://asia.si.edu/object/F1915.152/,No,Chinese,Metalwork%Furniture and Furnishing%,metal,bronze,Bronze,206 BCE-220 CE,China,https://asia.si.edu/object/F1915.152/,Art%Animals%Sculpture%Chinese Art%Bears%Han dynasty (206 BCE - 220 CE)%,bear,Han dynasty
Support in the form of a bear,edanmdm-fsg_F1915.160,https://asia.si.edu/object/F1915.160/,No,Chinese,Metalwork%Furniture and Furnishing%,metal,bronze,Bronze,206 BCE-220 CE,China,https://asia.si.edu/object/F1915.160/,Art%Animals%Sculpture%Chinese Art%Bears%Han dynasty (206 BCE - 220 CE)%,bear,Han dynasty
Ornament in the form of a bear,edanmdm-fsg_F1915.161,https://asia.si.edu/object/F1915.161/,No,Chinese,Metalwork%Furniture and Furnishing%,metal,bronze,Bronze,206 BCE-220 CE,China,https://asia.si.edu/object/F1915.161/,Art%Animals%Sculpture%Chinese Art%Bears%Han dynasty (206 BCE - 220 CE)%,bear,Han dynasty
Ornament with a bear head,edanmdm-fsg_F1915.205,https://asia.si.edu/object/F1915.205/,No,Chinese,Metalwork%,metal,bronze with gilding,Bronze with gilding,206 BCE-220 CE,China,https://asia.si.edu/object/F1915.205/,Gilding%Art%Animals%Sculpture%Chinese Art%Bears%Han dynasty (206 BCE - 220 CE)%,bear,Han dynasty
Ornament in the form of a bear,edanmdm-fsg_F1916.25,https://asia.si.edu/object/F1916.25/,No,Chinese,Sculpture%Metalwork%,metal,bronze with gilding,Bronze with gilding,206 BCE-220 CE,China,https://asia.si.edu/object/F1916.25/,Gilding%Art%Animals%Sculpture%Chinese Art%Bears%Han dynasty (206 BCE - 220 CE)%,bear,Han dynasty
Ornament in the form of a bear,edanmdm-fsg_F1916.26,https://asia.si.edu/object/F1916.26/,No,Chinese,Sculpture%Metalwork%,metal,bronze with gilding,Bronze with gilding,206 BCE-220 CE,China,https://asia.si.edu/object/F1916.26/,Gilding%Art%Animals%Sculpture%Chinese Art%Bears%Han dynasty (206 BCE - 220 CE)%,bear,Han dynasty
Support in the form of a bear,edanmdm-fsg_F1916.27,https://asia.si.edu/object/F1916.27/,No,Chinese,Sculpture%Metalwork%,metal,bronze with gilding,Bronze with gilding,206 BCE-220 CE,China,https://asia.si.edu/object/F1916.27/,Gilding%Art%Animals%Sculpture%Chinese Art%Bears%Han dynasty (206 BCE - 220 CE)%,bear,Han dynasty
Ornament in the form of a bear,edanmdm-fsg_F1916.215,https://asia.si.edu/object/F1916.215/,No,Chinese,Metalwork%Furniture and Furnishing%,metal,bronze,Bronze,206 BCE-220 CE,China,https://asia.si.edu/object/F1916.215/,Art%Animals%Sculpture%Chinese Art%Bears%Han dynasty (206 BCE - 220 CE)%,bear,Han dynasty
Ornament in the form of a bear,edanmdm-fsg_F1916.216,https://asia.si.edu/object/F1916.216/,No,Chinese,Metalwork%Furniture and Furnishing%,metal,bronze,Bronze,206 BCE-220 CE,China,https://asia.si.edu/object/F1916.216/,Art%Animals%Sculpture%Chinese Art%Bears%Han dynasty (206 BCE - 220 CE)%,bear,Han dynasty
Ornament in the form of a bear,edanmdm-fsg_F1916.307,https://asia.si.edu/object/F1916.307/,No,Chinese,Metalwork%Furniture and Furnishing%,metal,bronze,Bronze,206 BCE-220 CE,China,https://asia.si.edu/object/F1916.307/,Art%Animals%Sculpture%Chinese Art%Bears%Han dynasty (206 BCE - 220 CE)%,bear,Han dynasty
Support in the form of a bear,edanmdm-fsg_F1918.50,https://asia.si.edu/object/F1918.50/,No,Chinese,Metalwork%Furniture and Furnishing%,metal,bronze with gilding,Bronze with gilding,206 BCE-220 CE,China,https://asia.si.edu/object/F1918.50/,Gilding%Art%Animals%Sculpture%Chinese Art%Bears%Han dynasty (206 BCE - 220 CE)%,bear,Han dynasty
Ornament with a bear,edanmdm-fsg_F1918.175,https://asia.si.edu/object/F1918.175/,No,Chinese,Metalwork%,metal,bronze with gilding,Bronze with gilding,206 BCE-220 CE,China,https://asia.si.edu/object/F1918.175/,Gilding%Art%Animals%Sculpture%Chinese Art%Bears%Han dynasty (206 BCE - 220 CE)%,bear,Han dynasty
A raja hunting wild boars% design for a scabbard,edanmdm-fsg_S2018.1.37,https://asia.si.edu/object/S2018.1.37/,No,Himalayan peoples%South Asians,Painting%,paper,watercolor,Opaque watercolor on paper,ca. 1750-1760,Kota% Rajasthan state% India,https://asia.si.edu/object/S2018.1.37/,South Asian and Himalayan Art%Art%Animals%Hunting%Catherine and Ralph Benkaim Collection%Bears%,bear,
Fragment of a bowl with bird design,edanmdm-fsg_FSC-P-4784,https://asia.si.edu/object/FSC-P-4784/,No,Muslims,Ceramic%Vessel%,ceramic,stone paste,Stone-paste panted with luster,early 13th century,Iran,https://asia.si.edu/object/FSC-P-4784/,Art%Animals%Arts of the Islamic World%Birds%Saljuq period (1037 - 1300)%,bird,Saljuq period
Fragment of a rod for slicing,edanmdm-fsg_F1909.505,https://asia.si.edu/object/F1909.505/,No,Egyptians,Glass%,glass,glass,Glass,305 BCE-14 CE,Egypt,https://asia.si.edu/object/F1909.505/,Art%Animals%Mosaic glass%Ptolemaic Dynasty (305 - 30 BCE)%Birds%Ancient Egyptian Art%Roman Period (30 BCE - 395 CE)%,bird,Ptolemaic Dynasty to Roman Period
Fragment of a rod for slicing,edanmdm-fsg_F1909.509,https://asia.si.edu/object/F1909.509/,No,Egyptians,Glass%,glass,glass,Glass,305 BCE-14 CE,Egypt,https://asia.si.edu/object/F1909.509/,Art%Animals%Mosaic glass%Ptolemaic Dynasty (305 - 30 BCE)%Birds%Ancient Egyptian Art%Roman Period (30 BCE - 395 CE)%,bird,Ptolemaic Dynasty or Roman Period
Disk (<em>bi</em> 璧) with incised glyph,edanmdm-fsg_F1917.346,https://asia.si.edu/object/F1917.346/,Yes,Chinese%Liangzhu culture,Jade%Ceremonial Object%,jade,jade,Jade (nephrite),ca. 3300-2250 BCE,Lake Tai region% China,https://asia.si.edu/object/F1917.346/,Art%Animals%Inscriptions%Late Neolithic period (ca. 5000 - ca. 1700 BCE)%Chinese Art%Birds%Nephrite%,bird,Late Neolithic period
Pendant in form of a feline-dragon,edanmdm-fsg_F1932.40,https://asia.si.edu/object/F1932.40/,No,Chinese,Jade%Jewelry and Ornament%,jade,jade,Jade (nephrite),475-221 BCE,Probably Jincun% Henan province% China,https://asia.si.edu/object/F1932.40/,Art%Animals%Eastern Zhou dynasty (770 - 221 BCE)%Chinese Art%Carving%Birds%Nephrite%Warring States period (475 - 221 BCE)%,bird,Eastern Zhou dynasty
Straight chisel (<em>gui</em>圭) with face and bird,edanmdm-fsg_F1915.87,https://asia.si.edu/object/F1915.87/,Yes,Longshan culture%Chinese,Jade%Ceremonial Object%,jade,jade,Jade (nephrite),ca. 3000-ca. 1700 BCE,China,https://asia.si.edu/object/F1915.87/,Art%Animals%Late Neolithic period (ca. 5000 - ca. 1700 BCE)%Chinese Art%Birds%Nephrite%,bird,Late Neolithic period
Dagger-axe (<em>ge</em> 戈) with bird% fragment reworked,edanmdm-fsg_F1916.149,https://asia.si.edu/object/F1916.149/,No,Chinese,Jade%Jewelry and Ornament%,jade,jade,Jade (nephrite),ca. 1300-ca. 1050 BCE,Anyang% probably Henan province% China,https://asia.si.edu/object/F1916.149/,Art%Animals%Chinese Art%Carving%Anyang period% Late Shang dynasty (ca. 1300 - 1050 BCE)%Birds%Nephrite%,bird,Late Shang dynasty
Disk (<em>bi</em> 璧) with incised glyph,edanmdm-fsg_F1917.79,https://asia.si.edu/object/F1917.79/,Yes,Chinese%Liangzhu culture,Jade%Ceremonial Object%,jade,jade,Jade (nephrite),ca. 3300-2250 BCE,Lake Tai region% China,https://asia.si.edu/object/F1917.79/,Art%Animals%Inscriptions%Late Neolithic period (ca. 5000 - ca. 1700 BCE)%Chinese Art%Birds%Nephrite%,bird,Late Neolithic period
Disk (<em>bi</em> 璧) with incised glyph and decorated edge,edanmdm-fsg_F1917.348,https://asia.si.edu/object/F1917.348/,Yes,Chinese%Liangzhu culture,Jade%Ceremonial Object%,jade,jade,Jade (nephrite),ca. 3300-2250 BCE,Lake Tai region% China,https://asia.si.edu/object/F1917.348/,Art%Animals%Inscriptions%Late Neolithic period (ca. 5000 - ca. 1700 BCE)%Chinese Art%Birds%Nephrite%,bird,Late Neolithic period
Bracelet with incised glyphs,edanmdm-fsg_F1917.385,https://asia.si.edu/object/F1917.385/,Yes,Chinese%Liangzhu culture,Jade%Jewelry and Ornament%,jade,jade,Jade (nephrite),ca. 3300-2250 BCE,Lake Tai region% China,https://asia.si.edu/object/F1917.385/,Art%Animals%Inscriptions%Late Neolithic period (ca. 5000 - ca. 1700 BCE)%Moon%Chinese Art%Carving%Outer space%Birds%Nephrite%,bird,Late Neolithic period
Pendant in the form of a bird,edanmdm-fsg_S1987.559,https://asia.si.edu/object/S1987.559/,No,Chinese,Jade%Jewelry and Ornament%,jade,jade,Jade (nephrite),ca. 1300-ca. 1050 BCE,Anyang% probably Henan province% China,https://asia.si.edu/object/S1987.559/,Art%Animals%Chinese Art%Carving%Anyang period% Late Shang dynasty (ca. 1300 - 1050 BCE)%Birds%Nephrite%WWII-era provenance%,bird,Late Shang dynasty
Ritual wine warmer (<em>jia</em>) with taotie and birds,edanmdm-fsg_F1907.37,https://asia.si.edu/object/F1907.37/,No,Chinese,Metalwork%Vessel%,metal,bronze,Bronze,ca. 1400-1250 BCE,Yangzi River Valley% China,https://asia.si.edu/object/F1907.37/,Art%Animals%Sculpture%Chinese Art%Anyang period% Late Shang dynasty (ca. 1300 - 1050 BCE)%Birds%Taotie%Masks%,bird,Late Shang dynasty
Ornament,edanmdm-fsg_F1917.265,https://asia.si.edu/object/F1917.265/,No,Chinese,Metalwork%Jewelry and Ornament%,metal,bronze,Bronze,206 BCE-220 CE,China,https://asia.si.edu/object/F1917.265/,Art%Animals%Sculpture%Chinese Art%Birds%Han dynasty (206 BCE - 220 CE)%,bird,Han dynasty
Finial in the form of a bird head,edanmdm-fsg_F1917.267,https://asia.si.edu/object/F1917.267/,No,Chinese,Metalwork%Jewelry and Ornament%,metal,bronze,Bronze,Possibly 6th-5th century BCE,China,https://asia.si.edu/object/F1917.267/,Art%Animals%Eastern Zhou dynasty (770 - 221 BCE)%Sculpture%Chinese Art%Birds%,bird,Eastern Zhou dynasty
Finial in the form of a bird,edanmdm-fsg_F1917.324,https://asia.si.edu/object/F1917.324/,No,Chinese,Metalwork%Jewelry and Ornament%,metal,bronze,Bronze,206 BCE-220 CE,China,https://asia.si.edu/object/F1917.324/,Art%Animals%Sculpture%Chinese Art%Birds%Han dynasty (206 BCE - 220 CE)%,bird,Han dynasty
Ritual wine vesssel (<em>hu</em>) with bird-shaped cover,edanmdm-fsg_F1911.46a-b,https://asia.si.edu/object/F1911.46a-b/,No,Chinese,Metalwork%Vessel%,metal,bronze,Bronze,8th century BCE,China,https://asia.si.edu/object/F1911.46a-b/,Wine and wine making%Art%Animals%Eastern Zhou dynasty (770 - 221 BCE)%Sculpture%Chinese Art%Birds%,bird,Eastern Zhou dynasty
Ritual vessel (<em>huo</em>) with bird stopper,edanmdm-fsg_F1911.47a-b,https://asia.si.edu/object/F1911.47a-b/,No,Chinese,Metalwork%Vessel%,metal,bronze,Bronze,8th century BCE,China,https://asia.si.edu/object/F1911.47a-b/,Art%Animals%Eastern Zhou dynasty (770 - 221 BCE)%Chinese Art%Birds%,bird,Eastern Zhou dynasty
Ritual vessel (<em>huo</em>) in the form of a bird,edanmdm-fsg_F1911.630a-d,https://asia.si.edu/object/F1911.630a-d/,No,Chinese,Metalwork%Vessel%,metal,bronze,Bronze,3rd century BCE,China,https://asia.si.edu/object/F1911.630a-d/,Art%Animals%Eastern Zhou dynasty (770 - 221 BCE)%Sculpture%Chinese Art%Men%Western Han dynasty (206 BCE - 9 CE)%Birds%Incising%Dragon%,bird,Eastern Zhou or Western Han dynasty
Ritual vessel (<em>pou</em>) with cover,edanmdm-fsg_F1913.30a-b,https://asia.si.edu/object/F1913.30a-b/,No,Chinese,Metalwork%Vessel%,metal,bronze,Bronze,12th-11th century BCE,China,https://asia.si.edu/object/F1913.30a-b/,Western Zhou dynasty (ca. 1050 - 771 BCE)%Art%Animals%Sculpture%Chinese Art%Birds%Shang dynasty (ca. 1600 - ca. 1050 BCE)%,bird,Shang or Western Zhou dynasty
Ornament in the form of two birds,edanmdm-fsg_F1913.89,https://asia.si.edu/object/F1913.89/,No,Chinese,Metalwork%Jewelry and Ornament%,metal,bronze,Bronze,206 BCE-220 CE,China,https://asia.si.edu/object/F1913.89/,Art%Animals%Sculpture%Chinese Art%Birds%Han dynasty (206 BCE - 220 CE)%,bird,Han dynasty
Garment hook (<em>daigou</em>),edanmdm-fsg_F1913.112,https://asia.si.edu/object/F1913.112/,No,Chinese,Metalwork%Jewelry and Ornament%,metal,bronze,Bronze,206 BCE-220 CE,China,https://asia.si.edu/object/F1913.112/,Art%Animals%Rams%Sculpture%Chinese Art%Birds%Han dynasty (206 BCE - 220 CE)%,bird,Han dynasty
Finial in the form of a bird,edanmdm-fsg_F1915.43,https://asia.si.edu/object/F1915.43/,No,Chinese,Metalwork%,metal,bronze,Bronze,206 BCE-220 CE,China,https://asia.si.edu/object/F1915.43/,Art%Animals%Sculpture%Chinese Art%Birds%Han dynasty (206 BCE - 220 CE)%,bird,Han dynasty
Garment hook (<em>daigou</em>) in the form of a bird,edanmdm-fsg_F1915.159,https://asia.si.edu/object/F1915.159/,No,Chinese,Metalwork%Jewelry and Ornament%,metal,bronze,Bronze,206 BCE-220 CE,China,https://asia.si.edu/object/F1915.159/,Art%Animals%Sculpture%Chinese Art%Birds%Han dynasty (206 BCE - 220 CE)%,bird,Han dynasty
Garment hook (<em>daigou</em>),edanmdm-fsg_F1915.178,https://asia.si.edu/object/F1915.178/,No,Chinese,Metalwork%Jewelry and Ornament%,metal,bronze,Bronze,3rd century BCE,China,https://asia.si.edu/object/F1915.178/,Art%Animals%Eastern Zhou dynasty (770 - 221 BCE)%Sculpture%Chinese Art%Western Han dynasty (206 BCE - 9 CE)%Birds%,bird,Eastern Zhou to Western Han dynasty
Garment hook (<em>gou</em>),edanmdm-fsg_F1916.262,https://asia.si.edu/object/F1916.262/,No,Chinese,Metalwork%Jewelry and Ornament%,metal,bronze,Bronze,206 BCE-220 CE,China,https://asia.si.edu/object/F1916.262/,Gilding%Art%Animals%Sculpture%Chinese Art%Birds%Han dynasty (206 BCE - 220 CE)%,bird,Han dynasty
Mirror (<em>jian</em>),edanmdm-fsg_F1916.330,https://asia.si.edu/object/F1916.330/,No,Chinese,Metalwork%Mirror%,metal,lead,Lead,206 BCE-220 CE,China,https://asia.si.edu/object/F1916.330/,Art%Animals%Sculpture%Chinese Art%Birds%Han dynasty (206 BCE - 220 CE)%,bird,Han dynasty
Spearhead in the form of a bird head,edanmdm-fsg_F1916.450,https://asia.si.edu/object/F1916.450/,No,Chinese,Metalwork%Weapon and Armament%,metal,bronze,Bronze,possibly 5th century BCE,China,https://asia.si.edu/object/F1916.450/,Art%Animals%Eastern Zhou dynasty (770 - 221 BCE)%Sculpture%Chinese Art%Birds%Han dynasty (206 BCE - 220 CE)%,bird,Eastern Zhou to Han dynasty
Ritual wine cup (<em>zhi</em>) with birds,edanmdm-fsg_F1919.6,https://asia.si.edu/object/F1919.6/,No,Chinese,Metalwork%Vessel%,metal,bronze,Bronze,10th century BCE,China,https://asia.si.edu/object/F1919.6/,Wine and wine making%Western Zhou dynasty (ca. 1050 - 771 BCE)%Art%Animals%Inscriptions%Sculpture%Chinese Art%Birds%,bird,Western Zhou dynasty
Canopy fitting or finial,edanmdm-fsg_F1979.23,https://asia.si.edu/object/F1979.23/,No,Chinese,Metalwork%Tool and Equipment%,metal,bronze,Bronze,5th-4th century BCE,China,https://asia.si.edu/object/F1979.23/,Art%Animals%Eastern Zhou dynasty (770 - 221 BCE)%Sculpture%Chinese Art%Birds%,bird,Eastern Zhou dynasty
Lidded ritual vessel (hu) with birds and snake,edanmdm-fsg_S2012.9.572a-b,https://asia.si.edu/object/S2012.9.572a-b/,No,Chinese,Metalwork%Ceremonial Object%,metal,bronze,Bronze,ca. 1300-1200 BCE,China,https://asia.si.edu/object/S2012.9.572a-b/,Art%Animals%Sculpture%Chinese Art%Anyang period% Late Shang dynasty (ca. 1300 - 1050 BCE)%Birds%Snakes%Paul Singer collection%Hu%,bird,Late Shang dynasty
"Birds at Baran, possibly from the Babur-nama",edanmdm-fsg_F1907.611,https://asia.si.edu/object/F1907.611/,No,"Himalayan peoples, South Asians",Painting,paper,color,Color and gold on paper,late 16th century,India,https://asia.si.edu/object/F1907.611/,South Asian and Himalayan Art%Art%Animals%Mughal dynasty (1526 - 1858)%Birds%,bird,Mughal dynasty
An Illustration to <em>The Major's Daughter</em>,edanmdm-fsg_F1906.102,https://asia.si.edu/object/F1906.102/,No,Americans,Print%,paper,wood engraving,Wood engraving on paper,1862,United States,https://asia.si.edu/object/F1906.102/,Boats and boating%Art%Animals%American Art%Illustration%Birds%Children%Woman%,bird,
Turkeys,edanmdm-fsg_F1887.6,https://asia.si.edu/object/F1887.6/,No,Americans,Print%,paper,etching,Etching on paper,1879-1880,United States,https://asia.si.edu/object/F1887.6/,Art%Animals%American Art%Birds%Etching%,bird,
St. Ives: Sunset,edanmdm-fsg_F1905.116a-c,https://asia.si.edu/object/F1905.116a-c/,No,Americans,Painting%,paper,watercolor,Watercolor on paper,1883-1884,United States,https://asia.si.edu/object/F1905.116a-c/,Water%Art%Animals%American Art%Birds%,bird,
Raja Mandhata as a musical mode,edanmdm-fsg_F2017.13.3,https://asia.si.edu/object/F2017.13.3/,No,Himalayan peoples%South Asians,Painting%,paper,watercolor,Opaque watercolor on paper,ca. 1690,Nurpur% Himachal Pradesh state% India,https://asia.si.edu/object/F2017.13.3/,South Asian and Himalayan Art%Art%Animals%Catherine and Ralph Benkaim Collection%Men%Portraits%Birds%,bird,
Tapestry: bamboos% flowers% birds% and insects,edanmdm-fsg_F1919.133,https://asia.si.edu/object/F1919.133/,No,Chinese,Furniture and Furnishing%Costume and Textile%,silk,color,Hanging scroll; color on silk,1575-1725,China,https://asia.si.edu/object/F1919.133/,Art%Garden rock%Chinese Art%Birds%Flowers%Fungus-of-immortality%Painted%Animals%Peony%Insects%Qing dynasty (1644 - 1911)%Ming dynasty (1368 - 1644)%Bamboo%Tapestries%Slit tapestry%,bird,Ming or Qing dynasty
Tapestry: birds% peach-tree% rocks% and flowers on a blue ground,edanmdm-fsg_F1916.71,https://asia.si.edu/object/F1916.71/,No,Chinese,Furniture and Furnishing%Costume and Textile%,silk,color,Hanging scroll; color on silk panel,1644-1911,China,https://asia.si.edu/object/F1916.71/,Art%Garden rock%Chinese Art%Peach%Birds%Flowers%Fungus-of-immortality%Painted%Animals%Kesi%Qing dynasty (1644 - 1911)%Tapestries%Slit tapestry%,bird,Qing dynasty
Tapestry: doves bathing in a bowl; rocks and bamboos,edanmdm-fsg_F1916.105,https://asia.si.edu/object/F1916.105/,No,Chinese,Furniture and Furnishing%Costume and Textile%,silk,color,Hanging scroll; color on silk panel,1368-1644,China,https://asia.si.edu/object/F1916.105/,Art%Animals%Chinese Art%Birds%Rocks%Dove%Ming dynasty (1368 - 1644)%Bathing%Bamboo%Tapestries%Painted%Slit tapestry%,bird,Possibly Ming dynasty
Kesi tapestry of two birds and a flowering tree,edanmdm-fsg_F1917.197,https://asia.si.edu/object/F1917.197/,No,Chinese,Furniture and Furnishing%Costume and Textile%,silk,color,Polychrome silk with painted details,16th-18th century,China,https://asia.si.edu/object/F1917.197/,Trees%Art%Garden rock%Chinese Art%Birds%Flowers%Fungus-of-immortality%Animals%Peony%Qing dynasty (1644 - 1911)%Ming dynasty (1368 - 1644)%Tapestries%Slit tapestry%,bird,Mid-Ming to Qing dynasty
Tapestry of flowers% a rock% birds% and butterflies,edanmdm-fsg_F1918.10,https://asia.si.edu/object/F1918.10/,No,Chinese,Costume and Textile%,silk,color,Color on silk,1644-1911,China,https://asia.si.edu/object/F1918.10/,Art%Chinese Art%Orchids%Birds%Flowers%Butterflies%Animals%Insects%Qing dynasty (1644 - 1911)%Rocks%Ming dynasty (1368 - 1644)%Tapestries%Slit tapestry%,"bird, butterfly",Qing dynasty
Box and cover,edanmdm-fsg_F1930.53a-b,https://asia.si.edu/object/F1930.53a-b/,No,Chinese,Metalwork%Container%,silver,silver with gilding,Silver with gilding,first half of the 8th century,China,https://asia.si.edu/object/F1930.53a-b/,Art%Engraving%Animals%Sculpture%Punching%Chinese Art%Birds%Phoenix%Tang dynasty (618 - 907)%Ducks%,"bird, phoenix,duck",Tang dynasty
King David charming birds and beasts,edanmdm-fsg_F1907.194,https://asia.si.edu/object/F1907.194/,No,Himalayan peoples%South Asians,Painting%,paper,color,Color and gold on paper,17th century,Bijapur% Karnataka state% Deccan% India,https://asia.si.edu/object/F1907.194/,South Asian and Himalayan Art%Art%Animals%King%Mughal dynasty (1526 - 1858)%Antelope%Portraits%Birds%Sheep%Flute%,"bird, sheep,antelope",Mughal dynasty
Axe-shaped ornament,edanmdm-fsg_F1919.40,https://asia.si.edu/object/F1919.40/,No,Chinese,Jade%Jewelry and Ornament%,jade,jade,Jade (nephrite),1736-1795,China,https://asia.si.edu/object/F1919.40/,Art%Animals%Chinese Art%Carving%Qing dynasty (1644 - 1911)%Birds%Nephrite%Axes%Incising%Cicada%,"bird,cicada",Qing dynasty
Lidded ritual wine container (<em>you</em>) with birds,edanmdm-fsg_F1930.26a-b,https://asia.si.edu/object/F1930.26a-b/,No,Chinese,Metalwork%Vessel%,metal,bronze,Bronze,ca. 1050-1000 BCE,Baoji% Shaanxi province% China,https://asia.si.edu/object/F1930.26a-b/,Wine and wine making%Western Zhou dynasty (ca. 1050 - 771 BCE)%Art%Animals%Sculpture%Chinese Art%Birds%Cicada%Buffaloes%,"bird,cicada,buffaloes",Early Western Zhou dynasty
Pendant in the form of a dragon-bird,edanmdm-fsg_F1931.16,https://asia.si.edu/object/F1931.16/,No,Chinese,Jade%Jewelry and Ornament%,jade,jade,Jade (nephrite),475-221 BCE,Probably Jincun% Henan province% China,https://asia.si.edu/object/F1931.16/,Art%Animals%Eastern Zhou dynasty (770 - 221 BCE)%Chinese Art%Carving%Birds%Nephrite%Incising%Warring States period (475 - 221 BCE)%Dragon%,"bird,dragon",Eastern Zhou dynasty
Wine container (<em>hu</em>) with birds and dragons,edanmdm-fsg_F1924.12a-b,https://asia.si.edu/object/F1924.12a-b/,No,Chinese,Metalwork%Vessel%,metal,bronze,Bronze,6th century BCE,China,https://asia.si.edu/object/F1924.12a-b/,Wine and wine making%Art%Animals%Eastern Zhou dynasty (770 - 221 BCE)%Sculpture%Chinese Art%Birds%Spring and Autumn period (770 - 476 BCE)%Dragon%,"bird,dragon",Eastern Zhou dynasty
Square lidded ritual wine container (<em>fangyi</em>) with taotie% serpents% and birds,edanmdm-fsg_F1930.54a-b,https://asia.si.edu/object/F1930.54a-b/,No,Chinese,Metalwork%Vessel%,metal,bronze,Bronze,ca. 1050-975 BCE,Luoyang% Henan province% China,https://asia.si.edu/object/F1930.54a-b/,Western Zhou dynasty (ca. 1050 - 771 BCE)%Art%Animals%Sculpture%Chinese Art%Birds%Taotie%Masks%Dragon%,"bird,taotie,dragon,serpent",Early Western Zhou dynasty
Lamp in the form of a bird standing on a tortoise,edanmdm-fsg_F1913.104,https://asia.si.edu/object/F1913.104/,No,Chinese,Metalwork%Vessel%,metal,bronze,Bronze,206 BCE-220 CE,China,https://asia.si.edu/object/F1913.104/,Art%Animals%Sculpture%Chinese Art%Birds%Tortoise%Han dynasty (206 BCE - 220 CE)%,"bird,turtle ",Han dynasty
Garment ornament: butterfly (fragment),edanmdm-fsg_F1917.577,https://asia.si.edu/object/F1917.577/,No,Koreans,Metalwork%Jewelry and Ornament%,metal,bronze,Bronze,12th-13th century,Korea,https://asia.si.edu/object/F1917.577/,Goryeo period (918 - 1392)%Gilding%Art%Animals%Insects%Korean Art%Butterflies%,butterfly,Goryeo period
Garment ornament: butterfly (fragments),edanmdm-fsg_F1917.578,https://asia.si.edu/object/F1917.578/,No,Koreans,Metalwork%Jewelry and Ornament%,metal,bronze,Bronze,12th-13th century,Korea,https://asia.si.edu/object/F1917.578/,Goryeo period (918 - 1392)%Gilding%Art%Animals%Insects%Korean Art%Butterflies%,butterfly,Goryeo period
Garment ornament: butterfly,edanmdm-fsg_F1917.579,https://asia.si.edu/object/F1917.579/,No,Koreans,Metalwork%Jewelry and Ornament%,metal,bronze with gilding,Gilt bronze,12th-13th century,Korea,https://asia.si.edu/object/F1917.579/,Goryeo period (918 - 1392)%Gilding%Art%Animals%Insects%Korean Art%Butterflies%,butterfly,Goryeo period
Whistler's Butterfly,edanmdm-fsg_F1905.327,https://asia.si.edu/object/F1905.327/,No,Americans,Drawing%,paper,ink,Pencil and Chinese white on cardboard,1886,United States,https://asia.si.edu/object/F1905.327/,Art%Animals%Insects%American Art%Signatures%Butterflies%,butterfly,
Tapestry: a peony and butterfly,edanmdm-fsg_F1916.571a,https://asia.si.edu/object/F1916.571a/,No,Chinese,Album%Costume and Textile%,silk,color,Color on silk,1368-1644,China,https://asia.si.edu/object/F1916.571a/,Art%Peony%Animals%Insects%Chinese Art%Ming dynasty (1368 - 1644)%Tapestries%Butterflies%Slit tapestry%,butterfly,Possibly Ming dynasty
One of a set of bells (bo) with felines and dragons,edanmdm-fsg_S1987.282,https://asia.si.edu/object/S1987.282/,Yes,Chinese,Metalwork,metal,bronze,Bronze,ca. 550-500 BCE,Houma foundry% Shanxi province% China,https://asia.si.edu/object/S1987.282/,Cats%Art%Animals%Eastern Zhou dynasty (770 - 221 BCE)%Sculpture%Chinese Art%Spring and Autumn period (770 - 476 BCE)%WWII-era provenance%Dragon%,"lion, dragon",Eastern Zhou dynasty
Bangali Ragini,edanmdm-fsg_S2018.1.50,https://asia.si.edu/object/S2018.1.50/,No,Himalayan peoples%South Asians,Painting%,paper,watercolor,Opaque watercolor and gold on paper,ca. 1630,Marwar% Rajasthan state% India,https://asia.si.edu/object/S2018.1.50/,South Asian and Himalayan Art%Cats%Art%Animals%Catherine and Ralph Benkaim Collection%Temple%Cheetahs%Ragamala%Boy%,cheetah,
The Ramayana (Tales of Rama; The Freer Ramayana)% Volume 1,edanmdm-fsg_F1907.271.1-172,https://asia.si.edu/object/F1907.271.1-172/,No,Himalayan peoples%South Asians%Apsarases,Manuscript%,paper,watercolor,Ink% opaque watercolor% and gold on paper% in modern bindings,1597-1605,Northern India,https://asia.si.edu/object/F1907.271.1-172/,Art%Hermitage%Mughal dynasty (1526 - 1858)%Cows%Bharata%Ashrams%Ascetic%Cremation%South Asian and Himalayan Art%Lakshmana%Ravana%Indra%Dasharatha%Vishvamitra%Sacrifice%Brahma? (Hindu deity)%Boats and boating%Priest%Lava%Demon%Reign of Akbar (1556 - 1605)%Sage%Kaikeyi%Funeral%Hanuman%Janaka%Ramayana%Krishna%Animals%Kusha%Abduction%Caves%Death%Illustrated%Seal%Mourning%Shiva%,"cow,deer",Mughal dynasty
Deer-shaped ornament,edanmdm-fsg_F1919.68,https://asia.si.edu/object/F1919.68/,No,Chinese,Metalwork%Jewelry and Ornament%,metal,bronze with inlay,Bronze with shell% gilding and turquoise inlay,206 BCE-220 CE,China,https://asia.si.edu/object/F1919.68/,Gilding%Art%Animals%Sculpture%Chinese Art%Inlay%Han dynasty (206 BCE - 220 CE)%,deer,Han dynasty
A standing deer,edanmdm-fsg_F1916.457,https://asia.si.edu/object/F1916.457/,No,Chinese,Sculpture%Metalwork%,metal,bronze,Bronze,206 BCE-220 CE,Inner Mongolia/Ordos% China,https://asia.si.edu/object/F1916.457/,Art%Animals%Sculpture%Chinese Art%Han dynasty (206 BCE - 220 CE)%,deer,Han dynasty
Deer-stalking at night,edanmdm-fsg_F1907.199,https://asia.si.edu/object/F1907.199/,No,Himalayan peoples%South Asians,Painting%,paper,color,Color and gold on paper,18th century,India,https://asia.si.edu/object/F1907.199/,South Asian and Himalayan Art%Art%Hunting%Animals%Night%Mughal dynasty (1526 - 1858)%,deer,Mughal dynasty
A Deer Hunting At Night,edanmdm-fsg_F1907.210,https://asia.si.edu/object/F1907.210/,No,Himalayan peoples%South Asians,Painting%,paper,color,Color and gold on paper,early 18th century,India,https://asia.si.edu/object/F1907.210/,South Asian and Himalayan Art%Prince%Art%Hunting%Animals%Night%Mughal dynasty (1526 - 1858)%,deer,Mughal dynasty
Bhils hunting deer at night,edanmdm-fsg_F1907.229,https://asia.si.edu/object/F1907.229/,No,Himalayan peoples%South Asians,Painting%,paper,color,Color and gold on paper,18th century,India,https://asia.si.edu/object/F1907.229/,South Asian and Himalayan Art%Art%Hunting%Animals%Night%Mughal dynasty (1526 - 1858)%,deer,Mughal dynasty
Immortal Magu with deer and peach tree,edanmdm-fsg_F1917.115,https://asia.si.edu/object/F1917.115/,No,Chinese,Furniture and Furnishing%Costume and Textile%,silk,color,Silk tapestry,1575-1725,China,https://asia.si.edu/object/F1917.115/,Daoist Immortals%Art%Daoism%Chinese Art%Flowers%Rivers%Fungus-of-immortality%Painted%Peach tree%Animals%Qing dynasty (1644 - 1911)%Ming dynasty (1368 - 1644)%Woman%Tapestries%Slit tapestry%,deer,Ming or Qing dynasty
Tapestry: landscape with deer% storks% pines% and peach-tree,edanmdm-fsg_F1917.117,https://asia.si.edu/object/F1917.117/,No,Chinese,Furniture and Furnishing%Costume and Textile%,silk,color,Color on silk panel,1368-1644,China,https://asia.si.edu/object/F1917.117/,Landscapes%Art%Animals%Chinese Art%Ming dynasty (1368 - 1644)%Tapestries%Painted%Slit tapestry%Stork%,deer,Ming dynasty
The Dog on the Kennel,edanmdm-fsg_F1906.205,https://asia.si.edu/object/F1906.205/,No,Americans,Tool and Equipment%,metal,copper,Steel-faced copper,1858,United States,https://asia.si.edu/object/F1906.205/,Art%Animals%American Art%Dogs%,dog,
The Dog on the Kennel,edanmdm-fsg_F1898.219,https://asia.si.edu/object/F1898.219/,No,Americans,Print%,paper,etching,Etching on paper,1858,United States,https://asia.si.edu/object/F1898.219/,Art%Animals%American Art%Dogs%Etching%,dog,
The Dog on the Kennel,edanmdm-fsg_F1898.220,https://asia.si.edu/object/F1898.220/,No,Americans,Print%,paper,etching,Etching on paper,1858,United States,https://asia.si.edu/object/F1898.220/,Art%Animals%American Art%Dogs%Etching%,dog,
Gosain Kirpal Girji,edanmdm-fsg_S2018.1.54,https://asia.si.edu/object/S2018.1.54/,No,Himalayan peoples%South Asians,Painting%,paper,watercolor,Opaque watercolor and gold on paper,ca. 1720,Nagaur% Rajasthan state% India,https://asia.si.edu/object/S2018.1.54/,South Asian and Himalayan Art%Art%Animals%Catherine and Ralph Benkaim Collection%Dogs%Gardens%Gurus%,dog,
Handle in the form of a dragon from a bronze vessel,edanmdm-fsg_F1915.34,https://asia.si.edu/object/F1915.34/,No,Chinese,Metalwork%,metal,bronze,Bronze,late 6th-early 5th century BCE,China,https://asia.si.edu/object/F1915.34/,Art%Animals%Eastern Zhou dynasty (770 - 221 BCE)%Sculpture%Chinese Art%Dragon%,dragon,Eastern Zhou dynasty
Stele with Bodhisattva Maitreya (Mile); reverse with Buddha Vairochana (Pilushena),edanmdm-fsg_F1911.412,https://asia.si.edu/object/F1911.412/,Yes,Buddhists%Chinese%Apsarases,Sculpture%Stone%,stone,marble,Marble with traces of pigment,557-581,Probably Shaanxi province% China,https://asia.si.edu/object/F1911.412/,Period of Division (220 - 589)%Art%Animals%Chinese Art%Bodhi tree%Monkeys%Lotus%Kalasa%Dragon%,"dragon,monkey",Northern Zhou dynasty
Ornament: boy with reclining elephant,edanmdm-fsg_F1916.178,https://asia.si.edu/object/F1916.178/,No,Chinese,Jade%Jewelry and Ornament%,jade,jade,Jade,1600 to 1911,China,https://asia.si.edu/object/F1916.178/,Art%Animals%Chinese Art%Carving%Incising%Ming dynasty (1368 - 1644)%Boy%Elephants%,elephant,mid-Ming to Qing dynasty
Elephant and attendants,edanmdm-fsg_F1916.627,https://asia.si.edu/object/F1916.627/,No,Chinese,Jade%Jewelry and Ornament%,jade,jade,Jade,17th century,China,https://asia.si.edu/object/F1916.627/,Art%Animals%Chinese Art%Carving%Incising%Ming dynasty (1368 - 1644)%Attendant%Elephants%,elephant,Ming dynasty
Chariot rein guide with elephants and rattles,edanmdm-fsg_S2012.9.612,https://asia.si.edu/object/S2012.9.612/,Yes,Chinese,Metalwork%Tool and Equipment%,metal,bronze,Bronze,ca. 1300-1050 BCE,China,https://asia.si.edu/object/S2012.9.612/,Horse trapping%Art%Animals%Sculpture%Chinese Art%Anyang period% Late Shang dynasty (ca. 1300 - 1050 BCE)%Paul Singer collection%Elephants%,elephant,Late Shang dynasty
"Two composite elephants, fighting",edanmdm-fsg_F1907.642,https://asia.si.edu/object/F1907.642/,No,Himalayan peoples%South Asians,Painting,paper,tracing,Tracing and color on paper,18th century,India,https://asia.si.edu/object/F1907.642/,South Asian and Himalayan Art%Art%Animals%Mughal dynasty (1526 - 1858)%Reign of Akbar (1556 - 1605)%Elephants%,elephant,Possibly Mughal dynasty
A Darbar of Jahangir,edanmdm-fsg_F1907.202,https://asia.si.edu/object/F1907.202/,No,Himalayan peoples%South Asians,Painting%,paper,ink,Ink% color% and gold on paper,early 17th century,India,https://asia.si.edu/object/F1907.202/,South Asian and Himalayan Art%Art%Animals%Mughal dynasty (1526 - 1858)%Darbar%Kings and rulers%Elephants%,elephant,Mughal dynasty
The elephant Khanderao Bahadur killing Sham Mahavat,edanmdm-fsg_S2018.1.23,https://asia.si.edu/object/S2018.1.23/,No,Himalayan peoples%South Asians,Painting%,paper,watercolor,Opaque watercolor on paper,ca. 1700,Mewar% Rajasthan state% India,https://asia.si.edu/object/S2018.1.23/,South Asian and Himalayan Art%Art%Animals%Catherine and Ralph Benkaim Collection%Mahout%Elephants%Fireworks%,elephant,
Maharana Raj Singh observing an elephant fight,edanmdm-fsg_S2018.1.57,https://asia.si.edu/object/S2018.1.57/,No,Himalayan peoples%South Asians,Painting%,paper,watercolor,Opaque watercolor and gold on paper,ca. 1670-1675,Mewar% Rajasthan state% India,https://asia.si.edu/object/S2018.1.57/,South Asian and Himalayan Art%Art%Animals%Catherine and Ralph Benkaim Collection%Elephants%,elephant,
Ivory Throne Leg,edanmdm-fsg_F1907.8,https://asia.si.edu/object/F1907.8/,No,Himalayan peoples%South Asians,Furniture and Furnishing%,other,ivory,Ivory,13th century,Orissa% India,https://asia.si.edu/object/F1907.8/,South Asian and Himalayan Art%Cats%Hermit%Art%Animals%Eastern Ganga dynasty (700 - 1299)%Elephants%,"elephant, lion",Eastern Ganga dynasty
Seated Buddhas% bodisattva (<em>Samantabhadra</em>) with elephant% and other figures,edanmdm-fsg_F1909.294,https://asia.si.edu/object/F1909.294/,No,Buddhists%Chinese,Sculpture%Stone%,stone,stone,Stone,386-535,China,https://asia.si.edu/object/F1909.294/,Period of Division (220 - 589)%Cats%Art%Mandorla%Chinese Art%Manjushri%Lotus%Bodhisattva%Northern Wei dynasty (386 - 534)%Elephants%Throne%Animals%Inscriptions%Samantabhadra%Relief seal%Halo%,"elephant, lion",Period of Division
Krishna bids farewell% folio from a <em>Bhagavata Purana</em>,edanmdm-fsg_S2018.1.22,https://asia.si.edu/object/S2018.1.22/,No,Himalayan peoples%South Asians,Painting%,paper,watercolor,Opaque watercolor and gold on paper,ca.1680-1690,Mewar% Rajasthan state% India,https://asia.si.edu/object/S2018.1.22/,South Asian and Himalayan Art%Art%Krishna%Animals%Catherine and Ralph Benkaim Collection%Bhagavata Purana%Elephants%Palanquin%,"elephant,horse",
Basin (<em>jian</em>) with narrative scenes,edanmdm-fsg_F1915.107,https://asia.si.edu/object/F1915.107/,Yes,Chinese,Metalwork%Vessel%,metal,bronze,Bronze,ca. 5th century BCE,China,https://asia.si.edu/object/F1915.107/,Art%Animals%Eastern Zhou dynasty (770 - 221 BCE)%Sculpture%Chinese Art%Fishes%Birds%,"fish, bird",Middle Eastern Zhou dynasty
The Landscape with the Horse,edanmdm-fsg_F1906.216,https://asia.si.edu/object/F1906.216/,No,Americans,Tool and Equipment%,metal,cooper,Steel-faced copper,1859,United States,https://asia.si.edu/object/F1906.216/,Landscapes%Art%Animals%American Art%Horses%,horse,
Standing horse,edanmdm-fsg_F1913.103,https://asia.si.edu/object/F1913.103/,No,Chinese,Sculpture%Metalwork%,metal,bronze,Bronze,possibly 1st-2nd century,China,https://asia.si.edu/object/F1913.103/,Art%Animals%Sculpture%Chinese Art%Horses%Han dynasty (206 BCE - 220 CE)%,horse,Han dynasty
Rider and horse,edanmdm-fsg_F1913.111,https://asia.si.edu/object/F1913.111/,No,Chinese,Sculpture%Metalwork%,metal,lead,Lead,206 BCE-220 CE,China,https://asia.si.edu/object/F1913.111/,Art%Animals%Sculpture%Horsemen and horsewomen%Chinese Art%Horses%Han dynasty (206 BCE - 220 CE)%,horse,Possibly Han dynasty
Standing horse,edanmdm-fsg_F1913.114,https://asia.si.edu/object/F1913.114/,No,Chinese,Sculpture%Metalwork%,metal,bronze,Bronze,220-589,Inner Mongolia/Ordos% China,https://asia.si.edu/object/F1913.114/,Period of Division (220 - 589)%Art%Animals%Sculpture%Chinese Art%Horses%,horse,Period of Division
Horse,edanmdm-fsg_F1915.143,https://asia.si.edu/object/F1915.143/,No,Chinese,Sculpture%Metalwork%,metal,bronze,Bronze,220-589,Inner Mongolia/Ordos% China,https://asia.si.edu/object/F1915.143/,Period of Division (220 - 589)%Art%Animals%Sculpture%Chinese Art%Horses%,horse,Period of Division
Ornament in the form of a horse,edanmdm-fsg_F1915.219,https://asia.si.edu/object/F1915.219/,No,Chinese,Sculpture%Metalwork%,metal,bronze,Bronze,220-589,Inner Mongolia/Ordos% China,https://asia.si.edu/object/F1915.219/,Period of Division (220 - 589)%Art%Animals%Sculpture%Chinese Art%Horses%,horse,Period of Division
Ornament in the form of a horse,edanmdm-fsg_F1915.220,https://asia.si.edu/object/F1915.220/,No,Chinese,Sculpture%Metalwork%,metal,bronze,Bronze,220-589,Inner Mongolia/Ordos% China,https://asia.si.edu/object/F1915.220/,Period of Division (220 - 589)%Art%Animals%Sculpture%Chinese Art%Horses%,horse,Period of Division
Ornament in the form of a horse,edanmdm-fsg_F1915.221,https://asia.si.edu/object/F1915.221/,No,Chinese,Sculpture%Metalwork%,metal,bronze,Bronze,220-589,Inner Mongolia/Ordos% China,https://asia.si.edu/object/F1915.221/,Period of Division (220 - 589)%Art%Animals%Sculpture%Chinese Art%Horses%,horse,Period of Division
Ornament in the form of a horse,edanmdm-fsg_F1915.333,https://asia.si.edu/object/F1915.333/,No,Chinese,Sculpture%Metalwork%,metal,bronze,Bronze,220-589,Inner Mongolia/Ordos% China,https://asia.si.edu/object/F1915.333/,Period of Division (220 - 589)%Art%Animals%Sculpture%Chinese Art%Horses%,horse,Period of Division
Mask in the form of a horse face,edanmdm-fsg_F1916.143,https://asia.si.edu/object/F1916.143/,No,Chinese,Mask%Metalwork%,metal,bronze,Bronze,ca. 1050-221 BCE,China,https://asia.si.edu/object/F1916.143/,Art%Animals%Sculpture%Chinese Art%Horses%Zhou dynasty (ca. 1050 - 221 BCE)%,horse,Zhou dynasty
Harness fitting (fragment),edanmdm-fsg_F1916.289,https://asia.si.edu/object/F1916.289/,No,Chinese,Metalwork%Tool and Equipment%,metal,bronze with gilding,Bronze with gilding,206 BCE-220 CE,China,https://asia.si.edu/object/F1916.289/,Gilding%Art%Animals%Chinese Art%Horses%Han dynasty (206 BCE - 220 CE)%,horse,Han dynasty
Handle (?) in the form of a horse leg and hoof,edanmdm-fsg_F1916.296,https://asia.si.edu/object/F1916.296/,No,Chinese,Metalwork%,metal,bronze,Bronze,206 BCE-220 CE,China,https://asia.si.edu/object/F1916.296/,Art%Animals%Sculpture%Chinese Art%Horses%Han dynasty (206 BCE - 220 CE)%,horse,Han dynasty
Harness fitting (fragment),edanmdm-fsg_F1916.297a-b,https://asia.si.edu/object/F1916.297a-b/,No,Chinese,Metalwork%Tool and Equipment%,metal,bronze,Bronze,206 BCE-220 CE,China,https://asia.si.edu/object/F1916.297a-b/,Art%Animals%Sculpture%Chinese Art%Horses%Han dynasty (206 BCE - 220 CE)%,horse,Han dynasty
Ornament in the form of a standing horse,edanmdm-fsg_F1916.302,https://asia.si.edu/object/F1916.302/,No,Chinese,Sculpture%Metalwork%,metal,bronze,Bronze,220-589,Inner Mongolia/Ordos% China,https://asia.si.edu/object/F1916.302/,Period of Division (220 - 589)%Art%Animals%Chinese Art%Horses%,horse,Period of Division
Harness fitting: bit,edanmdm-fsg_F1979.8,https://asia.si.edu/object/F1979.8/,No,Chinese,Metalwork%Tool and Equipment%,metal,bronze,Bronze,5th-4th century BCE,China,https://asia.si.edu/object/F1979.8/,Art%Animals%Eastern Zhou dynasty (770 - 221 BCE)%Sculpture%Chinese Art%Horses%,horse,Eastern Zhou dynasty
Wild West: The Orator,edanmdm-fsg_F1903.33,https://asia.si.edu/object/F1903.33/,No,Americans,Print,paper,etching,Etching on paper,1887,United States,https://asia.si.edu/object/F1903.33/,Art%Animals%American Art%Men%Horses%Etching%,horse,
The Bucking Horse% Wild West,edanmdm-fsg_F1903.306,https://asia.si.edu/object/F1903.306/,No,Americans,Print%,paper,etching,Etching on paper,1887,United States,https://asia.si.edu/object/F1903.306/,Art%Animals%American Art%Horses%Etching%,horse,
The Bucking Horse% Wild West,edanmdm-fsg_F1904.166,https://asia.si.edu/object/F1904.166/,No,Americans,Print%,paper,etching,Etching on paper,1887,United States,https://asia.si.edu/object/F1904.166/,Art%Animals%American Art%Horses%Etching%,horse,
Landscape with Horses,edanmdm-fsg_F1890.12,https://asia.si.edu/object/F1890.12/,No,Americans,Print%,paper,etching,Etching and drypoint on paper,1859,United States,https://asia.si.edu/object/F1890.12/,Landscapes%Art%Animals%American Art%Horses%Etching%,horse,
Landscape with Horses,edanmdm-fsg_F1898.279,https://asia.si.edu/object/F1898.279/,No,Americans,Print%,paper,etching,Etching and drypoint on paper,1859,United States,https://asia.si.edu/object/F1898.279/,Landscapes%Art%Animals%American Art%Horses%Etching%,horse,
Landscape with Horses,edanmdm-fsg_F1898.280,https://asia.si.edu/object/F1898.280/,No,Americans,Print%,paper,etching,Etching and drypoint on paper,1859,United States,https://asia.si.edu/object/F1898.280/,Landscapes%Art%Animals%American Art%Horses%Etching%,horse,
Landscape with a figure of the Virgin Mary,edanmdm-fsg_F1907.589,https://asia.si.edu/object/F1907.589/,No,Christians%Himalayan peoples%South Asians,Painting%,paper,ink,Ink on paper,17th century,India,https://asia.si.edu/object/F1907.589/,South Asian and Himalayan Art%Landscapes%Art%Animals%Mughal dynasty (1526 - 1858)%Horses%Bow%Virgin Mary%,horse,Mughal dynasty
A group of men and horses,edanmdm-fsg_F1907.604,https://asia.si.edu/object/F1907.604/,No,Himalayan peoples%South Asians,Painting%,paper,tracing,Tracing and color on paper,early 19th century,India,https://asia.si.edu/object/F1907.604/,South Asian and Himalayan Art%Art%Animals%Men%Mughal dynasty (1526 - 1858)%Horses%,horse,Mughal dynasty
Sultan Salim in a Carriage,edanmdm-fsg_F1907.606,https://asia.si.edu/object/F1907.606/,No,Himalayan peoples%South Asians,Painting%,paper,watercolor,Opaque watercolor and gold on paper,ca. 1603,Allahabad% Uttar Pradesh state% India,https://asia.si.edu/object/F1907.606/,South Asian and Himalayan Art%Art%Animals%Reign of Jahangir (1605 - 1627)%Men%Mughal dynasty (1526 - 1858)%Horses%,horse,Mughal dynasty
Little Dordrecht,edanmdm-fsg_F1903.15,https://asia.si.edu/object/F1903.15/,No,Americans,Print%,paper,etching,Etching on paper,1884,United States,https://asia.si.edu/object/F1903.15/,Bridges%Boats and boating%Art%Animals%American Art%Horses%Etching%,horse,
Regent's Quadrant,edanmdm-fsg_F1903.303,https://asia.si.edu/object/F1903.303/,No,Americans,Print%,paper,etching,Etching on paper,1880-1881,United States,https://asia.si.edu/object/F1903.303/,Art%Animals%Architecture%American Art%Horses%Etching%,horse,
Wild West: Indians,edanmdm-fsg_F1904.290,https://asia.si.edu/object/F1904.290/,No,Americans,Print%,paper,etching,Etching on paper,1887,United States,https://asia.si.edu/object/F1904.290/,Sport%Art%Animals%American Art%Horses%Etching%,horse,
Portrait of a nawab,edanmdm-fsg_F1907.188,https://asia.si.edu/object/F1907.188/,No,Himalayan peoples%South Asians,Painting%,paper,color,Color and gold on paper,1730-40,India,https://asia.si.edu/object/F1907.188/,South Asian and Himalayan Art%Art%Animals%Mughal dynasty (1526 - 1858)%Horses%Portraits%Nawab%,horse,Mughal dynasty
A Prince and princess on horseback,edanmdm-fsg_F1907.197,https://asia.si.edu/object/F1907.197/,No,Himalayan peoples%South Asians,Painting%,paper,color,Color and gold on paper,18th century,India,https://asia.si.edu/object/F1907.197/,South Asian and Himalayan Art%Prince%Art%Animals%Princess%Mughal dynasty (1526 - 1858)%Horses%,horse,Mughal dynasty
A Group of Women at a Well,edanmdm-fsg_F1907.208,https://asia.si.edu/object/F1907.208/,No,Himalayan peoples%South Asians,Painting%,paper,watercolor,Opaque watercolor and gold on paper,late 17th century,India,https://asia.si.edu/object/F1907.208/,Water%South Asian and Himalayan Art%Art%Animals%Princess%Food habits%Mughal dynasty (1526 - 1858)%Horses%Woman%,horse,Mughal dynasty
A mounted man hunting birds with a falcon,edanmdm-fsg_F1907.212,https://asia.si.edu/object/F1907.212/,No,Himalayan peoples%South Asians,Painting%,paper,watercolor,Opaque watercolor and gold on paper,early 18th century,Kishangarh% Rajasthan state% India,https://asia.si.edu/object/F1907.212/,South Asian and Himalayan Art%Art%Hunting%Animals%Men%Mughal dynasty (1526 - 1858)%Horses%Falconry%Falcon%,horse,Mughal dynasty
Slab in low relief from mortuary chamber; design% in three registers% of horses% riders% and carts,edanmdm-fsg_F1910.2,https://asia.si.edu/object/F1910.2/,No,Chinese,Stone%,stone,stone,Stone,25-220,Shandong province% China,https://asia.si.edu/object/F1910.2/,Art%Animals%Han dynasty% 202 B.C.-220 A.D.%Chinese Art%Horses%Funerary%Han dynasty (206 BCE - 220 CE)%,horse,Eastern Han dynasty
Han slab in low relief from mortuary chamber; design in two registers% of men% horses% and carts,edanmdm-fsg_F1914.57,https://asia.si.edu/object/F1914.57/,No,Chinese,Sculpture%Stone%,stone,stone,Stone,206 BCE-220 CE,China,https://asia.si.edu/object/F1914.57/,Art%Animals%Chinese Art%Men%Horses%Funerary%Han dynasty (206 BCE - 220 CE)%,horse,Han dynasty
Durga fighting the rakshashas Shunga and Nishunga% from a Devi Mahatmya,edanmdm-fsg_F1907.602,https://asia.si.edu/object/F1907.602/,No,Himalayan peoples%South Asians,Painting%,paper,watercolor,Opaque watercolor and gold on paper,mid 19th century,Jaipur% Rajasthan state% India,https://asia.si.edu/object/F1907.602/,South Asian and Himalayan Art%Trishula%Cats%Wars%Art%Animals%Demon%Horses%Devi (Hindu deity)%Durga? (Hindu deity)%,"horse, lion",
Ornament in the form of possibly a monkey riding a horse,edanmdm-fsg_F1915.222,https://asia.si.edu/object/F1915.222/,No,Chinese,Sculpture%Metalwork%,metal,bronze,Bronze,220-589,Inner Mongolia/Ordos% China,https://asia.si.edu/object/F1915.222/,Period of Division (220 - 589)%Art%Animals%Sculpture%Chinese Art%Horses%Monkeys%,"horse,monkey",Period of Division
Orament in the form of a monkey riding a horse,edanmdm-fsg_F1915.223,https://asia.si.edu/object/F1915.223/,No,Chinese,Sculpture%Metalwork%,metal,bronze,Bronze,220-589,Inner Mongolia/Ordos% China,https://asia.si.edu/object/F1915.223/,Period of Division (220 - 589)%Art%Animals%Sculpture%Chinese Art%Horses%Monkeys%,"horse,monkey",Period of Division
Lion shaped handle,edanmdm-fsg_FSC-P-4787,https://asia.si.edu/object/FSC-P-4787/,No,Muslims,Ceramic%,ceramic,earthenware,Earthenware painted under glaze.,early 13th century,Iran,https://asia.si.edu/object/FSC-P-4787/,Cats%Art%Animals%Pottery%Arts of the Islamic World%Saljuq period (1037 - 1300)%,lion,Saljuq period
High relief applique of a lion of brownish-red opaque glass with yellowish markings in imitation of marble,edanmdm-fsg_F1909.885,https://asia.si.edu/object/F1909.885/,No,Middle Easterners,Glass%,glass,glass,Glass,1st-2nd century,Egypt or Syria,https://asia.si.edu/object/F1909.885/,Cats%Art%Molding%Animals%Ancient Near Eastern Art%Mosaic glass%Applique%Roman Period (30 BCE - 395 CE)%,lion,Roman period
Pendant in the form of a crouching tiger,edanmdm-fsg_F1932.43,https://asia.si.edu/object/F1932.43/,No,Chinese,Jade%Jewelry and Ornament%,jade,jade,Jade (nephrite),475-221 BCE,Probably Jincun% Henan province% China,https://asia.si.edu/object/F1932.43/,Cats%Art%Animals%Eastern Zhou dynasty (770 - 221 BCE)%Chinese Art%Carving%Nephrite%Incising%Warring States period (475 - 221 BCE)%,lion,Eastern Zhou dynasty
Pendant in the form of a crouching feline,edanmdm-fsg_F1932.44,https://asia.si.edu/object/F1932.44/,No,Chinese,Jade%Jewelry and Ornament%,jade,jade,Jade (nephrite),475-221 BCE,Probably Jincun% Henan province% China,https://asia.si.edu/object/F1932.44/,Cats%Art%Animals%Eastern Zhou dynasty (770 - 221 BCE)%Chinese Art%Carving%Nephrite%Incising%Warring States period (475 - 221 BCE)%,lion,Eastern Zhou dynasty
Fitting in the form of a leaping lion,edanmdm-fsg_F1919.63,https://asia.si.edu/object/F1919.63/,No,Chinese,Sculpture%Metalwork%,metal,bronze with gilding,Bronze with gilding,618-907,China,https://asia.si.edu/object/F1919.63/,Gilding%Cats%Art%Animals%Sculpture%Chinese Art%Tang dynasty (618 - 907)%,lion,Tang dynasty
Fragment of Mirror. Lion and grape design,edanmdm-fsg_FSC-B-525,https://asia.si.edu/object/FSC-B-525/,No,Chinese,Metalwork%Mirror%,metal,bronze,metal work,618-907,,https://asia.si.edu/object/FSC-B-525/,Cats%Art%Animals%Sculpture%Chinese Art%Tang dynasty (618 - 907)%,lion,Tang dynasty
Possibly Bodhisattva Avalokiteshvara (Guanyin) with attendants,edanmdm-fsg_F1911.122,https://asia.si.edu/object/F1911.122/,No,Buddhists%Chinese,Sculpture%Metalwork%,metal,bronze with gilding,Bronze with gilding,555,China,https://asia.si.edu/object/F1911.122/,Period of Division (220 - 589)%Gilding%Cats%Art%Mandorla%Chinese Art%Incense%Northern Qi dynasty (550 - 577)%Abhaya mudra%Lotus%Bodhisattva%Guanyin%Animals%Inscriptions%Sculpture%Maitreya Buddha%Attendant%,lion,Period of Division
Standing Bodhisattva with attendants,edanmdm-fsg_F1913.43a-g,https://asia.si.edu/object/F1913.43a-g/,No,Buddhists%Chinese,Sculpture%Metalwork%,metal,bronze with gilding,Bronze with gilding,596,China,https://asia.si.edu/object/F1913.43a-g/,Gilding%Sui dynasty (581 - 618)%Cats%Art%Mandorla%Chinese Art%Incense%Abhaya mudra%Bodhisattva%Kasyapa%Animals%Sculpture%Varada mudra%,lion,Sui dynasty
Lion,edanmdm-fsg_F1915.213,https://asia.si.edu/object/F1915.213/,No,Buddhists%Chinese,Sculpture%Metalwork%,metal,bronze with gilding,Bronze with gilding,220-589,China,https://asia.si.edu/object/F1915.213/,Period of Division (220 - 589)%Gilding%Cats%Art%Animals%Sculpture%Chinese Art%,lion,Period of Division
Ornament: lioness statuette,edanmdm-fsg_F1915.214,https://asia.si.edu/object/F1915.214/,No,Buddhists%Chinese,Sculpture%Metalwork%,metal,bronze,Bronze,220-589,China,https://asia.si.edu/object/F1915.214/,Period of Division (220 - 589)%Gilding%Cats%Art%Animals%Sculpture%Chinese Art%,lion,Period of Division
Lion statuette,edanmdm-fsg_F1915.215,https://asia.si.edu/object/F1915.215/,No,Buddhists%Chinese,Sculpture%Metalwork%,metal,bronze,Bronze,220-589,China,https://asia.si.edu/object/F1915.215/,Period of Division (220 - 589)%Gilding%Cats%Art%Animals%Sculpture%Chinese Art%,lion,Period of Division
Mirror with felines,edanmdm-fsg_F1930.37,https://asia.si.edu/object/F1930.37/,No,Chinese,Metalwork%Mirror%,metal,bronze,Bronze,581-618,China,https://asia.si.edu/object/F1930.37/,Sui dynasty (581 - 618)%Cats%Art%Inscriptions%Animals%Sculpture%Chinese Art%,lion,Sui dynasty
Hamlah-i-Haidari (Combats of the Lion),edanmdm-fsg_F1907.272,https://asia.si.edu/object/F1907.272/,No,Himalayan peoples%South Asians,Manuscript%,paper,ink,Ink on paper,18th century,India,https://asia.si.edu/object/F1907.272/,South Asian and Himalayan Art%Cats%Art%Animals%Mughal dynasty (1526 - 1858)%,lion,Mughal dynasty
Buddhist sculpture,edanmdm-fsg_F1909.78,https://asia.si.edu/object/F1909.78/,No,Buddhists%Chinese,Sculpture%Stone%,stone,stone,Stone,557-581,China,https://asia.si.edu/object/F1909.78/,Cats%Art%Animals%Chinese Art%Northern Zhou dynasty (557 - 581)%Varada mudra%Abhaya mudra%Cintamani%,lion,Northern Zhou dynasty
Pedestal with lotus petals% lions% and donor% originally supporting a Shijia Buddha (<em>Shakyamuni</em>) figure,edanmdm-fsg_F1909.94,https://asia.si.edu/object/F1909.94/,No,Buddhists%Chinese,Stone%,stone,stone,Stone,dated 573 CE,China,https://asia.si.edu/object/F1909.94/,Period of Division (220 - 589)%Cats%Art%Animals%Inscriptions%Chinese Art%Northern Zhou dynasty (557 - 581)%Lotus%,lion,Period of Division
Seated Buddha (<em>Shakyamuni</em>) with bodhisattvas% monks% and lions,edanmdm-fsg_F1909.287,https://asia.si.edu/object/F1909.287/,No,Buddhists%Chinese,Sculpture%Stone%,stone,gilding,Stone with traces of gilding and pigments,Dated 549 CE,China,https://asia.si.edu/object/F1909.287/,Period of Division (220 - 589)%Cats%Art%Dharmacakra%Chinese Art%Eastern Wei dynasty (534 - 550)%Abhaya mudra%Lotus%Bodhisattva%Kasyapa%Animals%Inscriptions%Varada mudra%Anjali mudra%Gautama Buddha%Relief seal%,lion,Period of Division
Buddhist stele,edanmdm-fsg_F1909.288,https://asia.si.edu/object/F1909.288/,No,Buddhists%Chinese,Sculpture%Stone%,stone,stone,Stone,Dated 541 CE,China,https://asia.si.edu/object/F1909.288/,Period of Division (220 - 589)%Mount Meru%Cats%Art%Animals%Chinese Art%Varada mudra%Gautama Buddha%Abhaya mudra%Cintamani%Lotus%Bodhisattva%,lion,Period of Division
Buddhist stele,edanmdm-fsg_F1968.53,https://asia.si.edu/object/F1968.53/,No,Buddhists%Chinese,Sculpture%Stone%,stone,limestone,Limestone,dated 511,Probably Henan province% China,https://asia.si.edu/object/F1968.53/,Cats%Art%Animals%Chinese Art%Varada mudra%Abhaya mudra%WWII-era provenance%Bodhisattva%Northern Wei dynasty (386 - 534)%Lettering%Dragon%,lion,Northern Wei dynasty
Seated Buddha with bodhisattvas% lions% and figures,edanmdm-fsg_F1911.408,https://asia.si.edu/object/F1911.408/,No,Buddhists%Chinese,Sculpture%Stone%,stone,stone,Stone,possibly 534-557,China,https://asia.si.edu/object/F1911.408/,Period of Division (220 - 589)%Cats%Art%Animals%Chinese Art%Eastern Wei dynasty (534 - 550)%Varada mudra%Forgery%Abhaya mudra%Lotus%Bodhisattva%Relief seal%,lion,Period of Division
Bodhisattva Avalokiteshvara (Guanyin),edanmdm-fsg_F1912.81,https://asia.si.edu/object/F1912.81/,No,Buddhists%Chinese,Sculpture%Stone%,stone,stone,Stone,534-550,China,https://asia.si.edu/object/F1912.81/,Period of Division (220 - 589)%Cats%Art%Fly whisk%Chinese Art%Eastern Wei dynasty (534 - 550)%Kundika%Avalokite?svara (Buddhist deity)%Lotus%Bodhisattva%Guanyin%Animals%Forgery%Kalasa%Halo%,lion,Period of Division
Standing Bodhisattva with two flanking monks and two lions,edanmdm-fsg_F1912.87,https://asia.si.edu/object/F1912.87/,No,Buddhists%Chinese,Sculpture%Stone%,stone,stone,Stone,possibly 581-618,China,https://asia.si.edu/object/F1912.87/,Sui dynasty (581 - 618)%Cats%Art%Animals%Chinese Art%Varada mudra%Forgery%Abhaya mudra%Monk%Lotus%,lion,Possibly Sui dynasty
Buddhist tablet: seated central figure flanked by monk and Bodhisattva on either hand; rectangular base% and figure of Buddha in sunken relief on reverse,edanmdm-fsg_F1912.98,https://asia.si.edu/object/F1912.98/,No,Buddhists%Chinese%Apsarases,Sculpture%Stone%,stone,stone,Stone,550-577,China,https://asia.si.edu/object/F1912.98/,Period of Division (220 - 589)%Cats%Art%Chinese Art%Abhaya mudra%Bodhisattva%Shrine%Animals%Bodhi tree%Varada mudra%Anjali mudra%Monk%Halo%,lion,Period of Division
Standing Buddha,edanmdm-fsg_F1913.17,https://asia.si.edu/object/F1913.17/,No,Buddhists%Chinese,Sculpture%Stone%,stone,stone,Stone,possibly 555,China,https://asia.si.edu/object/F1913.17/,Period of Division (220 - 589)%Cats%Western Wei dynasty (535 - 556)%Art%Animals%Inscriptions%Chinese Art%Varada mudra%Abhaya mudra%Lotus%Ushnisha%,lion,Period of Division
Small soapstone tablet% with pierced relief of Manjusri on lion,edanmdm-fsg_F1913.36,https://asia.si.edu/object/F1913.36/,No,Buddhists%Chinese,Sculpture%Stone%,stone,stone,Stone,dated 543,China,https://asia.si.edu/object/F1913.36/,Period of Division (220 - 589)%Cats%Art%Animals%Chinese Art%Sutra%Forgery%Manjushri%Lotus%,lion,Period of Division
Bodhisattvas with lions and figures,edanmdm-fsg_F1913.76,https://asia.si.edu/object/F1913.76/,No,Buddhists%Chinese,Sculpture%Stone%,stone,stone,Stone,possibly 581-618,China,https://asia.si.edu/object/F1913.76/,Sui dynasty (581 - 618)%Cats%Art%Animals%Inscriptions%Chinese Art%Lotus%Bodhisattva%,lion,Possibly Sui dynasty
Seated lion,edanmdm-fsg_F1914.6,https://asia.si.edu/object/F1914.6/,No,Chinese,Sculpture%Stone%,stone,stone,Stone,1368-1644,China,https://asia.si.edu/object/F1914.6/,Cats%Art%Animals%Chinese Art%Guardian lion%Ming dynasty (1368 - 1644)%,lion,Ming dynasty
Standing bodhisattva with attendants,edanmdm-fsg_F1915.59,https://asia.si.edu/object/F1915.59/,No,Buddhists%Chinese,Sculpture%Stone%,stone,stone,Stone,550-577,China,https://asia.si.edu/object/F1915.59/,Period of Division (220 - 589)%Cats%Art%Chinese Art%Incense%Northern Qi dynasty (550 - 577)%Cintamani%Lotus%Bodhisattva%Kasyapa%Animals%Northern dynasties (386 - 581)%Anjali mudra%,lion,Period of Division
The Buddha distributes honey% from a Prajnaparamita manuscript,edanmdm-fsg_F1930.87,https://asia.si.edu/object/F1930.87/,No,Buddhists%Himalayan peoples%South Asians,Painting%Manuscript%,other,palm leaf,Opaque watercolor and ink on palm leaf,12th century,West Bengal state% India,https://asia.si.edu/object/F1930.87/,South Asian and Himalayan Art%Art%Animals%Monkeys%Astasahasraka Prajnaparamita%Halo%,monkey,
The Ramayana (Tales of Rama; The Freer Ramayana)% Volume 2,edanmdm-fsg_F1907.271.173-346,https://asia.si.edu/object/F1907.271.173-346/,No,Himalayan peoples%South Asians,Manuscript%,paper,watercolor,Ink% opaque watercolor% and gold on paper% in modern bindings,1597-1605,India,https://asia.si.edu/object/F1907.271.173-346/,Art%Sita%Hermitage%Mughal dynasty (1526 - 1858)%Monkeys%Ascetic%South Asian and Himalayan Art%Lakshmana%Ravana%Indra%Dasharatha%Sacrifice%Brahma? (Hindu deity)%Chariot%Lava%Demon%Kubera%Reign of Akbar (1556 - 1605)%Sage%Madhavi%Herb%Kumbhakarna%Hanuman%Ramayana%Krishna%Animals%Kusha%Death%Illustrated%Giant%Shiva%,monkey,Mughal dynasty
Pestle with handle in form of a monkey,edanmdm-fsg_S2012.9.241,https://asia.si.edu/object/S2012.9.241/,No,Chinese,Tool and Equipment%Stone%,stone,marble,Marble,ca. 1300-ca. 1050 BCE,Anyang% probably Henan province% China,https://asia.si.edu/object/S2012.9.241/,Art%Animals%Chinese Art%Anyang period% Late Shang dynasty (ca. 1300 - 1050 BCE)%Monkeys%Paul Singer collection%,monkey,Late Shang dynasty
Pair of slide fittings in the form of monkeys,edanmdm-fsg_S2012.9.632.1-2,https://asia.si.edu/object/S2012.9.632.1-2/,No,Chinese,Metalwork,metal,bronze,Bronze,ca. 1100-900 BCE,Anyang% China,https://asia.si.edu/object/S2012.9.632.1-2/,Western Zhou dynasty (ca. 1050 - 771 BCE)%Art%Animals%Sculpture%Chinese Art%Anyang period% Late Shang dynasty (ca. 1300 - 1050 BCE)%Monkeys%Paul Singer collection%,monkeys,Late Shang dynasty or early Western Zhou dynasty
Jahangir and Prince Khurram Entertained by Nur Jahan,edanmdm-fsg_F1907.258,https://asia.si.edu/object/F1907.258/,No,Himalayan peoples%South Asians,Painting%Album%,paper,watercolor,Opaque watercolor% ink and gold on paper,ca. 1640-50,North India,https://asia.si.edu/object/F1907.258/,South Asian and Himalayan Art%Prince%Art%Animals%Reign of Jahangir (1605 - 1627)%Food habits%Mughal dynasty (1526 - 1858)%Phoenix%Kings and rulers%Dragon%,"phoenix, dragon",Mughal dynasty
Fragmentary base of a bowl with image of running rabbit,edanmdm-fsg_FSC-P-4811,https://asia.si.edu/object/FSC-P-4811/,No,Muslims,Ceramic%Vessel%,ceramic,stone paste,Stone-paste painted with luster,late 13th century,Iran,https://asia.si.edu/object/FSC-P-4811/,Rabbits%Art%Animals%Arts of the Islamic World%,rabbit,
Mirror,edanmdm-fsg_F1911.115,https://asia.si.edu/object/F1911.115/,No,Chinese,Metalwork%Mirror%,metal,bronze,Bronze,618-907,China,https://asia.si.edu/object/F1911.115/,Chang'e%Rabbits%Art%Animals%Sculpture%Moon%Chinese Art%Outer space%Toads%Tang dynasty (618 - 907)%,rabbit,Tang dynasty
Tally in the form of a rabbit (fragment),edanmdm-fsg_F1919.80,https://asia.si.edu/object/F1919.80/,No,Chinese,Metalwork%,silver,silver,Silver,206 BCE-220 CE,China,https://asia.si.edu/object/F1919.80/,Rabbits%Art%Animals%Sculpture%Chinese Art%Han dynasty (206 BCE - 220 CE)%,rabbit,Han dynasty
Wine cup with ring handle% birds% animals% and grape vines,edanmdm-fsg_F1930.51,https://asia.si.edu/object/F1930.51/,Yes,Chinese,Metalwork%Vessel%,silver,silver with gilding,Cast and hammered silver with chased and ring-punched decoration and mercury gilding,late 7th century,Probably Xi’an% Shaanxi province% China,https://asia.si.edu/object/F1930.51/,Gilding%Rabbits%Hammering%Art%Engraving%Animals%Sculpture%Chinese Art%Grape%Birds%Tang dynasty (618 - 907)%Chasing%,"rabbit, bird",Early Tang dynasty
Ornament,edanmdm-fsg_F1916.284,https://asia.si.edu/object/F1916.284/,No,Chinese,Metalwork%Jewelry and Ornament%,metal,bronze,Bronze,ca. 1600-1050 BCE,China,https://asia.si.edu/object/F1916.284/,Art%Animals%Sculpture%Chinese Art%Sheep%Shang dynasty (ca. 1600 - ca. 1050 BCE)%,sheep,Shang dynasty
Kaccheli Ragini% from a Ragamala,edanmdm-fsg_S2018.1.11,https://asia.si.edu/object/S2018.1.11/,No,Himalayan peoples%South Asians,Painting%,paper,watercolor,Opaque watercolor and gold on paper,ca. 1710,Bahu or Jammu% Himachal Pradesh state% India,https://asia.si.edu/object/S2018.1.11/,South Asian and Himalayan Art%Art%Animals%Catherine and Ralph Benkaim Collection%Sheep%Ragamala%,sheep,
Recumbent ram,edanmdm-fsg_F1919.8,https://asia.si.edu/object/F1919.8/,No,Chinese,Sculpture%Stone%,stone,stone,Hard black stone with a few small reddish-brown areas,1368-1644,China,https://asia.si.edu/object/F1919.8/,Art%Animals%Chinese Art%Sheep%Ming dynasty (1368 - 1644)%,sheep,Ming dynasty
Lidded ritual ewer (<em>guang</em>) with taotie% dragons% birds% tigers% elephants% fish% snakes% and humans,edanmdm-fsg_F1961.33a-b,https://asia.si.edu/object/F1961.33a-b/,No,Chinese,Metalwork%Vessel%,metal,bronze,Bronze,ca. 1100-1050 BCE,Middle Yangzi Valley% China,https://asia.si.edu/object/F1961.33a-b/,Wine and wine making%Art%Animals%Sculpture%Chinese Art%Shang dynasty (ca. 1600 - ca. 1050 BCE)%Taotie%WWII-era provenance%,"taotie, dragon, bird, tiger, elephant, fish,snake",
Ornament in the form of a feline-like animal on a foot-shaped stand,edanmdm-fsg_F1916.451,https://asia.si.edu/object/F1916.451/,No,Chinese,Metalwork%Jewelry and Ornament%,metal,bronze,Bronze,206 BCE-220 CE,Inner Mongolia/Ordos% China,https://asia.si.edu/object/F1916.451/,Art%Animals%Sculpture%Chinese Art%Tiger%Han dynasty (206 BCE - 220 CE)%,tiger,Han dynasty
Tiger hunting,edanmdm-fsg_F1907.586,https://asia.si.edu/object/F1907.586/,No,"Himalayan peoples, South Asians",Painting,paper,color,Color and gold on paper,18th century,India,https://asia.si.edu/object/F1907.586/,South Asian and Himalayan Art%Art%Hunting%Animals%Mughal dynasty (1526 - 1858)%Tiger%Elephants%,"tiger, elephant",Mughal dynasty
Spear guard with dragon% tiger% turtle and bird design,edanmdm-fsg_F1913.90,https://asia.si.edu/object/F1913.90/,No,Chinese,Metalwork%Weapon and Armament%,metal,bronze with gilding,Bronze with gilding,206 BCE-220 CE,China,https://asia.si.edu/object/F1913.90/,Gilding%Art%Animals%Sculpture%Chinese Art%Turtles%Birds%Incising%Dragon%Tiger%Han dynasty (206 BCE - 220 CE)%,"turtle, bird,dragon, tiger",Han dynasty
Girdle buckle,edanmdm-fsg_F1913.9a-b,https://asia.si.edu/object/F1913.9a-b/,No,Chinese,Jade%Jewelry and Ornament%,jade,jade,Jade,1736-1795,China,https://asia.si.edu/object/F1913.9a-b/,Art%Animals%Chinese Art%Carving%Qing dynasty (1644 - 1911)%,undefined animal(mythical creatures),Qing dynasty
Mask and ring handle,edanmdm-fsg_F1917.18,https://asia.si.edu/object/F1917.18/,No,Chinese,Metalwork%,metal,bronze with inlay,Bronze with gold and silver inlay,5th-4th century BCE,China,https://asia.si.edu/object/F1917.18/,Art%Animals%Eastern Zhou dynasty (770 - 221 BCE)%Sculpture%Chinese Art%Inlay%Warring States period (475 - 221 BCE)%Masks%,undefined animal(mythical creatures),Eastern Zhou dynasty
Ornament in the form of an animal mask,edanmdm-fsg_F1917.160,https://asia.si.edu/object/F1917.160/,No,Chinese,Metalwork%Jewelry and Ornament%,metal,bronze,Bronze,206 BCE-220 CE,China,https://asia.si.edu/object/F1917.160/,Art%Animals%Sculpture%Chinese Art%Masks%Han dynasty (206 BCE - 220 CE)%,undefined animal(mythical creatures),Han dynasty
Clasp or ornament,edanmdm-fsg_F1917.254,https://asia.si.edu/object/F1917.254/,No,Chinese,Metalwork%Jewelry and Ornament%,metal,bronze with inlay,Bronze with silver and gold inlay,4th-3rd century BCE,China,https://asia.si.edu/object/F1917.254/,Art%Animals%Eastern Zhou dynasty (770 - 221 BCE)%Sculpture%Chinese Art%Inlay%Warring States period (475 - 221 BCE)%,undefined animal(mythical creatures),Eastern Zhou dynasty
Garment hook (<em>daigou</em>)% fragment,edanmdm-fsg_F1917.257,https://asia.si.edu/object/F1917.257/,No,Chinese,Metalwork%Jewelry and Ornament%,metal,bronze with gilding,Bronze with gilding,475 BCE-220 CE,China,https://asia.si.edu/object/F1917.257/,Gilding%Art%Animals%Sculpture%Chinese Art%Warring States period (475 - 221 BCE)%Han dynasty (206 BCE - 220 CE)%,undefined animal(mythical creatures),Warring States period to Han dynasty
Fragment% possibly a pin,edanmdm-fsg_F1917.264,https://asia.si.edu/object/F1917.264/,No,Chinese,Metalwork%,metal,bronze with gilding,Bronze with gilding,220-589,China,https://asia.si.edu/object/F1917.264/,Period of Division (220 - 589)%Gilding%Art%Animals%Sculpture%Chinese Art%,undefined animal(mythical creatures),Period of Division
Bowl with masks and ring handles,edanmdm-fsg_F1919.66,https://asia.si.edu/object/F1919.66/,No,Chinese,Metalwork%Vessel%,metal,bronze with gilding,Bronze with gilding,206 BCE-220 CE,China,https://asia.si.edu/object/F1919.66/,Gilding%Art%Animals%Sculpture%Chinese Art%Masks%Han dynasty (206 BCE - 220 CE)%,undefined animal(mythical creatures),Han dynasty
Garment hook (<em>daigou</em>),edanmdm-fsg_F1919.69a-c,https://asia.si.edu/object/F1919.69a-c/,No,Chinese,Metalwork%Jewelry and Ornament%,metal,bronze with inlay,Bronze with gilding and turquoise inlay,3rd century BCE,China,https://asia.si.edu/object/F1919.69a-c/,Gilding%Art%Animals%Eastern Zhou dynasty (770 - 221 BCE)%Sculpture%Chinese Art%Inlay%Warring States period (475 - 221 BCE)%,undefined animal(mythical creatures),Eastern Zhou dynasty
Fitting in the form of a quadruped with interlace,edanmdm-fsg_F1948.24,https://asia.si.edu/object/F1948.24/,Yes,Chinese,Metalwork%Vessel%,metal,bronze,Bronze,5th century BCE,Liyu% Probably Shanxi province% China,https://asia.si.edu/object/F1948.24/,Art%Animals%Eastern Zhou dynasty (770 - 221 BCE)%Sculpture%Chinese Art%WWII-era provenance%Warring States period (475 - 221 BCE)%,undefined animal(mythical creatures),Late Eastern Zhou dynasty% Warring States period
Gilt bronze plaque with animals in a landscape,edanmdm-fsg_F1950.10,https://asia.si.edu/object/F1950.10/,No,Chinese,Metalwork%Jewelry and Ornament%,metal,bronze with gilding,Gilt bronze inlaid with jade% turquoise% carnelian% and silver,ca. 2nd century BCE,China,https://asia.si.edu/object/F1950.10/,Gilding%Landscapes%Art%Animals%Sculpture%Chinese Art%Inlay%Western Han dynasty (206 BCE - 9 CE)%WWII-era provenance%,undefined animal(mythical creatures),Early Western Han dynasty
Mirror (<em>chien</em>),edanmdm-fsg_F1909.275,https://asia.si.edu/object/F1909.275/,No,Chinese,Metalwork%Mirror%,metal,bronze,Bronze,1st-2nd century,China,https://asia.si.edu/object/F1909.275/,Art%Animals%Han dynasty% 202 B.C.-220 A.D.%Sculpture%Chinese Art%,undefined animal(mythical creatures),Eastern Han dynasty
Ritual food vessel (gui),edanmdm-fsg_F1911.53,https://asia.si.edu/object/F1911.53/,No,Chinese,Metalwork%Vessel%,metal,bronze,Bronze,10th century BCE,China,https://asia.si.edu/object/F1911.53/,Western Zhou dynasty (ca. 1050 - 771 BCE)%Art%Animals%Inscriptions%Sculpture%Chinese Art%Masks%Food%,undefined animal(mythical creatures),Western Zhou dynasty
Ornament with an animal mask,edanmdm-fsg_F1911.75,https://asia.si.edu/object/F1911.75/,No,Chinese,Metalwork%Jewelry and Ornament%,metal,bronze,Bronze,ca. 1050-771 BCE,China,https://asia.si.edu/object/F1911.75/,Western Zhou dynasty (ca. 1050 - 771 BCE)%Art%Animals%Sculpture%Chinese Art%Masks%,undefined animal(mythical creatures),Western Zhou dynasty
Chariot fitting: linchpin,edanmdm-fsg_F1911.87,https://asia.si.edu/object/F1911.87/,No,Chinese,Metalwork%Tool and Equipment%,metal,bronze,Bronze,1050-221 BCE,China,https://asia.si.edu/object/F1911.87/,Art%Animals%Sculpture%Chinese Art%Zhou dynasty (ca. 1050 - 221 BCE)%,undefined animal(mythical creatures),Zhou dynasty
Animal,edanmdm-fsg_F1913.96,https://asia.si.edu/object/F1913.96/,No,Buddhists%Chinese,Sculpture%Metalwork%,metal,bronze with gilding,Bronze% gilding,220-589,China,https://asia.si.edu/object/F1913.96/,Period of Division (220 - 589)%Gilding%Art%Animals%Sculpture%Chinese Art%,undefined animal(mythical creatures),Period of Division
Mask,edanmdm-fsg_F1913.99,https://asia.si.edu/object/F1913.99/,No,Chinese,Metalwork%Jewelry and Ornament%,metal,bronze with gilding,Bronze with gilding,206 BCE-220 CE,China,https://asia.si.edu/object/F1913.99/,Gilding%Art%Animals%Sculpture%Chinese Art%Masks%Han dynasty (206 BCE - 220 CE)%,undefined animal(mythical creatures),Han dynasty
Mask,edanmdm-fsg_F1913.100,https://asia.si.edu/object/F1913.100/,No,Chinese,Metalwork%Jewelry and Ornament%,metal,bronze with gilding,Bronze with gilding,3rd-2nd century BCE,China,https://asia.si.edu/object/F1913.100/,Gilding%Art%Animals%Sculpture%Chinese Art%Masks%Han dynasty (206 BCE - 220 CE)%,undefined animal(mythical creatures),Han dynasty
Garment hook (<em>daigou</em>),edanmdm-fsg_F1913.121,https://asia.si.edu/object/F1913.121/,No,Chinese,Metalwork%Jewelry and Ornament%,metal,bronze,Bronze with gilding and turquoise inlay,206 BCE-220 CE,China,https://asia.si.edu/object/F1913.121/,Gilding%Art%Animals%Sculpture%Chinese Art%Inlay%Han dynasty (206 BCE - 220 CE)%,undefined animal(mythical creatures),Han dynasty
Belt plaque,edanmdm-fsg_F1913.127,https://asia.si.edu/object/F1913.127/,No,Chinese,Metalwork%Jewelry and Ornament%,metal,bronze,Bronze,206 BCE-220 CE,Inner Mongolia/Ordos% China,https://asia.si.edu/object/F1913.127/,Art%Animals%Sculpture%Chinese Art%Han dynasty (206 BCE - 220 CE)%,undefined animal(mythical creatures),Han dynasty
Garment hook (<em>gou</em>),edanmdm-fsg_F1913.128,https://asia.si.edu/object/F1913.128/,No,Chinese,Metalwork%Jewelry and Ornament%,metal,bronze,Bronze,770 BCE-9 CE,China,https://asia.si.edu/object/F1913.128/,Art%Animals%Eastern Zhou dynasty (770 - 221 BCE)%Sculpture%Chinese Art%Western Han dynasty (206 BCE - 9 CE)%,undefined animal(mythical creatures),Eastern Zhou to Western Han dynasty
Ornament in form of an animal,edanmdm-fsg_F1913.130,https://asia.si.edu/object/F1913.130/,No,Chinese,Metalwork%,metal,bronze,Bronze,220-589,Inner Mongolia/Ordos% China,https://asia.si.edu/object/F1913.130/,Period of Division (220 - 589)%Art%Animals%Sculpture%Chinese Art%,undefined animal(mythical creatures),Period of Division
Belt plaque,edanmdm-fsg_F1913.196,https://asia.si.edu/object/F1913.196/,No,Chinese,Metalwork%Jewelry and Ornament%,metal,bronze,Bronze,206 BCE-220 CE,Inner Mongolia/Ordos% China,https://asia.si.edu/object/F1913.196/,Art%Animals%Sculpture%Chinese Art%Han dynasty (206 BCE - 220 CE)%,undefined animal(mythical creatures),Han dynasty
Garment hook (<em>daigou</em>),edanmdm-fsg_F1915.78a-b,https://asia.si.edu/object/F1915.78a-b/,No,Chinese,Metalwork%Jewelry and Ornament%,metal,bronze with gilding,Bronze with gilding,206 BCE-220 CE,China,https://asia.si.edu/object/F1915.78a-b/,Gilding%Art%Animals%Sculpture%Chinese Art%Han dynasty (206 BCE - 220 CE)%,undefined animal(mythical creatures),Han dynasty
Mask and ring,edanmdm-fsg_F1915.81,https://asia.si.edu/object/F1915.81/,No,Chinese,Metalwork%,metal,bronze,Bronze,770 BCE-220 CE,China,https://asia.si.edu/object/F1915.81/,Art%Animals%Eastern Zhou dynasty (770 - 221 BCE)%Sculpture%Chinese Art%Masks%Han dynasty (206 BCE - 220 CE)%,undefined animal(mythical creatures),Eastern Zhou to Han dynasty
Mask and ring,edanmdm-fsg_F1915.82,https://asia.si.edu/object/F1915.82/,No,Chinese,Metalwork%Jewelry and Ornament%,metal,bronze,Bronze,770 BCE-220 CE,China,https://asia.si.edu/object/F1915.82/,Art%Animals%Eastern Zhou dynasty (770 - 221 BCE)%Sculpture%Chinese Art%Masks%Han dynasty (206 BCE - 220 CE)%,undefined animal(mythical creatures),Eastern Zhou to Han dynasty
Mirror,edanmdm-fsg_F1915.83,https://asia.si.edu/object/F1915.83/,No,Chinese,Metalwork%Mirror%,metal,lead,Lead,206 BCE-220 CE,China,https://asia.si.edu/object/F1915.83/,Art%Animals%Sculpture%Chinese Art%Han dynasty (206 BCE - 220 CE)%,undefined animal(mythical creatures),Han dynasty
Garment hook (<em>daigou</em>),edanmdm-fsg_F1915.95,https://asia.si.edu/object/F1915.95/,No,Chinese,Metalwork%Jewelry and Ornament%,metal,bronze with inlay,Bronze with gilding and turquoise inlay,475-221 BCE,China,https://asia.si.edu/object/F1915.95/,Gilding%Art%Animals%Eastern Zhou dynasty (770 - 221 BCE)%Sculpture%Chinese Art%Inlay%Warring States period (475 - 221 BCE)%,undefined animal(mythical creatures),Zhou dynasty
Ritual wine vessel (<em>lei</em>),edanmdm-fsg_F1915.104,https://asia.si.edu/object/F1915.104/,No,Chinese,Metalwork%Vessel%,metal,bronze,Bronze,9th century BCE,China,https://asia.si.edu/object/F1915.104/,Wine and wine making%Western Zhou dynasty (ca. 1050 - 771 BCE)%Art%Animals%Sculpture%Chinese Art%Masks%,undefined animal(mythical creatures),Western Zhou dynasty
Ornament in the form of an animal mask,edanmdm-fsg_F1915.150,https://asia.si.edu/object/F1915.150/,No,Chinese,Metalwork%Jewelry and Ornament%,metal,bronze,Bronze,ca. 1050-770 BCE,China,https://asia.si.edu/object/F1915.150/,Western Zhou dynasty (ca. 1050 - 771 BCE)%Art%Animals%Sculpture%Chinese Art%Masks%,undefined animal(mythical creatures),Western Zhou dynasty
Ornament: animal statuette,edanmdm-fsg_F1915.207,https://asia.si.edu/object/F1915.207/,No,Chinese,Metalwork%Jewelry and Ornament%,metal,bronze,Bronze,220-589,China,https://asia.si.edu/object/F1915.207/,Period of Division (220 - 589)%Art%Animals%Sculpture%Chinese Art%,undefined animal(mythical creatures),Period of Division
Mask and ring,edanmdm-fsg_F1915.327,https://asia.si.edu/object/F1915.327/,No,Chinese,Metalwork%,metal,bronze,Bronze,770 BCE-220 CE,China,https://asia.si.edu/object/F1915.327/,Art%Animals%Eastern Zhou dynasty (770 - 221 BCE)%Sculpture%Chinese Art%Masks%Han dynasty (206 BCE - 220 CE)%,undefined animal(mythical creatures),Eastern Zhou to Han dynasty
Mask and ring,edanmdm-fsg_F1915.329,https://asia.si.edu/object/F1915.329/,No,Chinese,Metalwork%,metal,bronze,Bronze,770 BCE-220 CE,China,https://asia.si.edu/object/F1915.329/,Art%Animals%Eastern Zhou dynasty (770 - 221 BCE)%Sculpture%Chinese Art%Masks%Han dynasty (206 BCE - 220 CE)%,undefined animal(mythical creatures),Eastern Zhou to Han dynasty
Mask and ring,edanmdm-fsg_F1915.330,https://asia.si.edu/object/F1915.330/,No,Chinese,Metalwork%,metal,bronze,Bronze,770 BCE-220 CE,China,https://asia.si.edu/object/F1915.330/,Art%Animals%Eastern Zhou dynasty (770 - 221 BCE)%Sculpture%Chinese Art%Masks%Han dynasty (206 BCE - 220 CE)%,undefined animal(mythical creatures),Eastern Zhou to Han dynasty
Mask and ring,edanmdm-fsg_F1915.331,https://asia.si.edu/object/F1915.331/,No,Chinese,Metalwork%,metal,bronze,Bronze,770 BCE-221 CE,China,https://asia.si.edu/object/F1915.331/,Art%Animals%Eastern Zhou dynasty (770 - 221 BCE)%Sculpture%Chinese Art%Masks%Han dynasty (206 BCE - 220 CE)%,undefined animal(mythical creatures),Eastern Zhou to Han dynasty
Garment hook (<em>daigou</em>),edanmdm-fsg_F1916.14,https://asia.si.edu/object/F1916.14/,No,Chinese,Metalwork%Jewelry and Ornament%,metal,bronze with gilding,Bronze with gilding,206 BCE-220 CE,China,https://asia.si.edu/object/F1916.14/,Gilding%Art%Animals%Sculpture%Chinese Art%Han dynasty (206 BCE - 220 CE)%,undefined animal(mythical creatures),Han dynasty
Finial with hills and animals (<em>boshan</em>),edanmdm-fsg_F1916.21,https://asia.si.edu/object/F1916.21/,No,Chinese,Metalwork%,metal,bronze,Bronze,206 BCE-220 CE,China,https://asia.si.edu/object/F1916.21/,Art%Animals%Hill%Sculpture%Chinese Art%Han dynasty (206 BCE - 220 CE)%,undefined animal(mythical creatures),Han dynasty
Ritual vessel (<em>zun</em>)% fragment,edanmdm-fsg_F1916.142,https://asia.si.edu/object/F1916.142/,No,Chinese,Metalwork%,metal,bronze,Bronze,late 11th century BCE,China,https://asia.si.edu/object/F1916.142/,Western Zhou dynasty (ca. 1050 - 771 BCE)%Art%Animals%Sculpture%Chinese Art%Masks%,undefined animal(mythical creatures),Western Zhou dynasty
Garment hook (<em>gou</em>),edanmdm-fsg_F1916.204,https://asia.si.edu/object/F1916.204/,No,Chinese,Metalwork%Jewelry and Ornament%,metal,bronze,Bronze,206 BCE-220 CE,China,https://asia.si.edu/object/F1916.204/,Gilding%Art%Animals%Sculpture%Chinese Art%Han dynasty (206 BCE - 220 CE)%,undefined animal(mythical creatures),Han dynasty
Garment hook (<em>daigou</em>),edanmdm-fsg_F1916.211,https://asia.si.edu/object/F1916.211/,No,Chinese,Metalwork%Jewelry and Ornament%,metal,bronze,Bronze,206 BCE-220 CE,China,https://asia.si.edu/object/F1916.211/,Art%Animals%Sculpture%Chinese Art%Masks%Han dynasty (206 BCE - 220 CE)%,undefined animal(mythical creatures),Han dynasty
Garment hook (<em>daigou</em>),edanmdm-fsg_F1916.212a-b,https://asia.si.edu/object/F1916.212a-b/,No,Chinese,Metalwork%Jewelry and Ornament%,metal,bronze with inlay,Bronze with gold and turquoise inlay,5th-4th century BCE,China,https://asia.si.edu/object/F1916.212a-b/,Art%Animals%Eastern Zhou dynasty (770 - 221 BCE)%Sculpture%Chinese Art%Inlay%Warring States period (475 - 221 BCE)%,undefined animal(mythical creatures),Eastern Zhou dynasty
Garment hook (<em>daigou</em>),edanmdm-fsg_F1916.266,https://asia.si.edu/object/F1916.266/,No,Chinese,Metalwork%Jewelry and Ornament%,metal,bronze,Bronze,4th-3rd century BCE,China,https://asia.si.edu/object/F1916.266/,Art%Animals%Inscriptions%Eastern Zhou dynasty (770 - 221 BCE)%Sculpture%Chinese Art%Masks%,undefined animal(mythical creatures),Eastern Zhou dynasty
Garment hook (<em>daigou</em>),edanmdm-fsg_F1916.267,https://asia.si.edu/object/F1916.267/,No,Chinese,Metalwork%Jewelry and Ornament%,metal,bronze,Bronze,4th-3rd century BCE,China,https://asia.si.edu/object/F1916.267/,Art%Animals%Eastern Zhou dynasty (770 - 221 BCE)%Sculpture%Chinese Art%,undefined animal(mythical creatures),Eastern Zhou dynasty
Ornament: grotesque animal mask,edanmdm-fsg_F1916.277,https://asia.si.edu/object/F1916.277/,No,Chinese,Metalwork%Jewelry and Ornament%,metal,bronze,Bronze,ca. 1050-771 BCE,China,https://asia.si.edu/object/F1916.277/,Western Zhou dynasty (ca. 1050 - 771 BCE)%Art%Animals%Sculpture%Chinese Art%Masks%,undefined animal(mythical creatures),Western Zhou dynasty
Mask,edanmdm-fsg_F1916.287,https://asia.si.edu/object/F1916.287/,No,Chinese,Metalwork%Jewelry and Ornament%,metal,bronze with gilding,Bronze with gilding,206 BCE-220 CE,China,https://asia.si.edu/object/F1916.287/,Gilding%Art%Animals%Sculpture%Chinese Art%Masks%Han dynasty (206 BCE - 220 CE)%,undefined animal(mythical creatures),Han dynasty
Ornament in the form of a man with an animal,edanmdm-fsg_F1916.314,https://asia.si.edu/object/F1916.314/,No,Chinese,Metalwork%Jewelry and Ornament%,metal,bronze with gilding,Bronze with gilding,206 BCE-220 CE,China,https://asia.si.edu/object/F1916.314/,Gilding%Art%Animals%Sculpture%Chinese Art%Men%Han dynasty (206 BCE - 220 CE)%,undefined animal(mythical creatures),Han dynasty
Garment hook (<em>gou</em>),edanmdm-fsg_F1916.317,https://asia.si.edu/object/F1916.317/,No,Chinese,Metalwork%Jewelry and Ornament%,metal,bronze,Bronze,206 BCE-220 CE,China,https://asia.si.edu/object/F1916.317/,Art%Animals%Sculpture%Chinese Art%Han dynasty (206 BCE - 220 CE)%,undefined animal(mythical creatures),Han dynasty
Fragment of a ritual vessel handle in the form of an animal head,edanmdm-fsg_F1916.348,https://asia.si.edu/object/F1916.348/,No,Chinese,Metalwork%Vessel%,metal,bronze,Bronze,ca. 1050-221 BCE,China,https://asia.si.edu/object/F1916.348/,Art%Animals%Sculpture%Chinese Art%Zhou dynasty (ca. 1050 - 221 BCE)%,undefined animal(mythical creatures),Zhou dynasty
Fitting (fragment),edanmdm-fsg_F1916.349,https://asia.si.edu/object/F1916.349/,No,Chinese,Metalwork%Jewelry and Ornament%,metal,bronze,Bronze,ca. 1050-221 BCE,China,https://asia.si.edu/object/F1916.349/,Art%Animals%Sculpture%Chinese Art%Zhou dynasty (ca. 1050 - 221 BCE)%,undefined animal(mythical creatures),Zhou dynasty
Fitting (fragment),edanmdm-fsg_F1916.350,https://asia.si.edu/object/F1916.350/,No,Chinese,Metalwork%Jewelry and Ornament%,metal,bronze,Bronze,ca. 1050-221 BCE,China,https://asia.si.edu/object/F1916.350/,Art%Animals%Sculpture%Chinese Art%Zhou dynasty (ca. 1050 - 221 BCE)%,undefined animal(mythical creatures),Zhou dynasty
Fitting (fragment),edanmdm-fsg_F1916.351,https://asia.si.edu/object/F1916.351/,No,Chinese,Metalwork%Jewelry and Ornament%,metal,bronze,Bronze,1050-221 BCE,China,https://asia.si.edu/object/F1916.351/,Art%Animals%Sculpture%Chinese Art%Zhou dynasty (ca. 1050 - 221 BCE)%,undefined animal(mythical creatures),Zhou dynasty
Fitting (fragment),edanmdm-fsg_F1916.352,https://asia.si.edu/object/F1916.352/,No,Chinese,Metalwork%Jewelry and Ornament%,metal,bronze,Bronze,ca. 1050-221 BCE,China,https://asia.si.edu/object/F1916.352/,Art%Animals%Sculpture%Chinese Art%Zhou dynasty (ca. 1050 - 221 BCE)%,undefined animal(mythical creatures),Zhou dynasty
Garment hook (<em>daigou</em>),edanmdm-fsg_F1916.437,https://asia.si.edu/object/F1916.437/,No,Chinese,Metalwork%Jewelry and Ornament%,metal,bronze,Bronze,206 BCE-220 CE,China,https://asia.si.edu/object/F1916.437/,Gilding%Art%Animals%Sculpture%Chinese Art%Masks%Han dynasty (206 BCE - 220 CE)%,undefined animal(mythical creatures),Han dynasty
Garment hook (<em>daigou</em>)% fragment,edanmdm-fsg_F1916.440,https://asia.si.edu/object/F1916.440/,No,Chinese,Metalwork%Jewelry and Ornament%,metal,bronze,Bronze,206 BCE-220 CE,China,https://asia.si.edu/object/F1916.440/,Art%Animals%Sculpture%Chinese Art%Han dynasty (206 BCE - 220 CE)%,undefined animal(mythical creatures),Han dynasty
Garment hook (<em>daigou</em>),edanmdm-fsg_F1916.441,https://asia.si.edu/object/F1916.441/,No,Chinese,Metalwork%Jewelry and Ornament%,metal,bronze with inlay,Bronze with turquoise inlay and gilding,3rd century BCE,China,https://asia.si.edu/object/F1916.441/,Gilding%Art%Animals%Eastern Zhou dynasty (770 - 221 BCE)%Sculpture%Chinese Art%Inlay%Western Han dynasty (206 BCE - 9 CE)%Warring States period (475 - 221 BCE)%,undefined animal(mythical creatures),Eastern Zhou to Western Han dynasty
Garment hook (<em>daigou</em>),edanmdm-fsg_F1916.443,https://asia.si.edu/object/F1916.443/,No,Chinese,Metalwork%Jewelry and Ornament%,metal,bronze with gilding,Bronze with gilding,3rd century BCE,China,https://asia.si.edu/object/F1916.443/,Gilding%Art%Animals%Eastern Zhou dynasty (770 - 221 BCE)%Sculpture%Chinese Art%Inlay%Western Han dynasty (206 BCE - 9 CE)%Warring States period (475 - 221 BCE)%,undefined animal(mythical creatures),Eastern Zhou to Western Han dynasty
Pitcher in the form of an animal,edanmdm-fsg_F1916.447,https://asia.si.edu/object/F1916.447/,No,Chinese,Metalwork%Vessel%,metal,bronze,Bronze,206 BCE-220 CE,China,https://asia.si.edu/object/F1916.447/,Art%Animals%Sculpture%Chinese Art%Han dynasty (206 BCE - 220 CE)%,undefined animal(mythical creatures),Han dynasty
Deer-shaped ornament (fragment),edanmdm-fsg_F1916.448,https://asia.si.edu/object/F1916.448/,No,Chinese,Metalwork%Jewelry and Ornament%,metal,bronze with gilding,Bronze with gilding,206 BCE-220 CE,China,https://asia.si.edu/object/F1916.448/,Gilding%Art%Animals%Sculpture%Chinese Art%Inlay%Han dynasty (206 BCE - 220 CE)%,undefined animal(mythical creatures),Han dynasty
Padlock in the form of an animal,edanmdm-fsg_F1916.452,https://asia.si.edu/object/F1916.452/,No,Chinese,Metalwork%Tool and Equipment%,metal,bronze,Bronze,206 BCE-220 CE,China,https://asia.si.edu/object/F1916.452/,Art%Animals%Sculpture%Chinese Art%Han dynasty (206 BCE - 220 CE)%,undefined animal(mythical creatures),Han dynasty
Finial with an animal mask,edanmdm-fsg_F1916.453,https://asia.si.edu/object/F1916.453/,No,Chinese,Metalwork%Jewelry and Ornament%,metal,bronze,Bronze,ca. 1500-1050 BCE,China,https://asia.si.edu/object/F1916.453/,Art%Animals%Sculpture%Chinese Art%Shang dynasty (ca. 1600 - ca. 1050 BCE)%Masks%,undefined animal(mythical creatures),Shang dynasty
A standing deer,edanmdm-fsg_F1916.458,https://asia.si.edu/object/F1916.458/,No,Chinese,Sculpture%Metalwork%,metal,bronze,Bronze,206 BCE-220 CE,Inner Mongolia/Ordos% China,https://asia.si.edu/object/F1916.458/,Art%Animals%Sculpture%Chinese Art%Han dynasty (206 BCE - 220 CE)%,undefined animal(mythical creatures),Han dynasty
Plaque in the form of animals,edanmdm-fsg_F1916.462,https://asia.si.edu/object/F1916.462/,No,Chinese,Metalwork%,metal,bronze with gilding,Bronze with gilding,220-589,Inner Mongolia/Ordos% China,https://asia.si.edu/object/F1916.462/,Period of Division (220 - 589)%Gilding%Art%Animals%Sculpture%Chinese Art%,undefined animal(mythical creatures),Period of Division
Animal statuette,edanmdm-fsg_F1916.709,https://asia.si.edu/object/F1916.709/,No,Buddhists%Chinese,Sculpture%Metalwork%,metal,bronze,Bronze,220-589,China,https://asia.si.edu/object/F1916.709/,Period of Division (220 - 589)%Gilding%Art%Animals%Sculpture%Chinese Art%,undefined animal(mythical creatures),Period of Division
Animal statuette,edanmdm-fsg_F1916.710,https://asia.si.edu/object/F1916.710/,No,Buddhists%Chinese,Sculpture%Metalwork%,metal,bronze with gilding,Bronze% gilding,220-589,China,https://asia.si.edu/object/F1916.710/,Period of Division (220 - 589)%Gilding%Art%Animals%Sculpture%Chinese Art%,undefined animal(mythical creatures),Period of Division
Belt ornament (from a set of eight% F1916.474% 719-724% F1917.558),edanmdm-fsg_F1916.720a-b,https://asia.si.edu/object/F1916.720a-b/,No,Chinese,Jewelry and Ornament%,metal,bronze with gilding,Gilt bronze,960-1127,China,https://asia.si.edu/object/F1916.720a-b/,Gilding%Art%Animals%Chinese Art%Repousse%Northern Song dynasty (960 - 1127)%,undefined animal(mythical creatures),Northern Song dynasty
Belt ornament (from a set of eight% F1916.474% 719-724% F1917.558),edanmdm-fsg_F1916.721a-b,https://asia.si.edu/object/F1916.721a-b/,No,Chinese,Jewelry and Ornament%,metal,bronze with gilding,Gilt bronze,960-1127,China,https://asia.si.edu/object/F1916.721a-b/,Gilding%Art%Animals%Chinese Art%Repousse%Northern Song dynasty (960 - 1127)%,undefined animal(mythical creatures),Northern Song dynasty
A pair of belt plaques,edanmdm-fsg_F1917.269a-b,https://asia.si.edu/object/F1917.269a-b/,No,Chinese,Metalwork%Jewelry and Ornament%,metal,bronze,Bronze,206 BCE-220 CE,Inner Mongolia/Ordos% China,https://asia.si.edu/object/F1917.269a-b/,Art%Animals%Sculpture%Chinese Art%Han dynasty (206 BCE - 220 CE)%,undefined animal(mythical creatures),Han dynasty
Garment hook (<em>daigou</em>)% fragment,edanmdm-fsg_F1917.272,https://asia.si.edu/object/F1917.272/,No,Chinese,Metalwork%,metal,bronze with gilding,Bronze with gilding,206 BCE-220 CE,China,https://asia.si.edu/object/F1917.272/,Gilding%Art%Animals%Sculpture%Chinese Art%Han dynasty (206 BCE - 220 CE)%,undefined animal(mythical creatures),Han dynasty
Wand with a dragon head,edanmdm-fsg_F1917.276,https://asia.si.edu/object/F1917.276/,No,Chinese,Metalwork%,metal,bronze,Bronze,possibly 475-221 BCE,China,https://asia.si.edu/object/F1917.276/,Art%Animals%Inscriptions%Sculpture%Chinese Art%Zhou dynasty (ca. 1050 - 221 BCE)%Warring States period (475 - 221 BCE)%Masks%Dragon%,undefined animal(mythical creatures),Zhou dynasty
Ornament in the form of an animal mask,edanmdm-fsg_F1918.174,https://asia.si.edu/object/F1918.174/,No,Chinese,Metalwork%Jewelry and Ornament%,metal,bronze,Bronze,ca. 1050-221 BCE,China,https://asia.si.edu/object/F1918.174/,Art%Animals%Sculpture%Chinese Art%Zhou dynasty (ca. 1050 - 221 BCE)%Masks%,undefined animal(mythical creatures),Zhou dynasty
Ritual food vessel (gui),edanmdm-fsg_F1924.14a-b,https://asia.si.edu/object/F1924.14a-b/,No,Chinese,Metalwork%Vessel%,metal,bronze,Bronze,late 11th-early 10th century BCE,China,https://asia.si.edu/object/F1924.14a-b/,Western Zhou dynasty (ca. 1050 - 771 BCE)%Art%Animals%Inscriptions%Sculpture%Chinese Art%Masks%Food%,undefined animal(mythical creatures),Western Zhou dynasty
Lidded incense burner (<em>xianglu</em>) with geometric decoration and narrative scenes,edanmdm-fsg_F1947.15a-b,https://asia.si.edu/object/F1947.15a-b/,Yes,Chinese,Metalwork%Vessel%,metal,bronze with inlay,Bronze with gold% silver% turquoise% and carnelian inlay,ca. 2nd century BCE,Henan or Hebei province% China,https://asia.si.edu/object/F1947.15a-b/,Landscapes%Art%Animals%Sculpture%Daoism%Chinese Art%Inlay%Incense%Western Han dynasty (206 BCE - 9 CE)%WWII-era provenance%,undefined animal(mythical creatures),Early Western Han dynasty
Ritual vessel (<em>yi</em>) with cover,edanmdm-fsg_F1961.31a-b,https://asia.si.edu/object/F1961.31a-b/,No,Chinese,Metalwork%Vessel%,metal,bronze with inlay,Bronze with semi-precious stone inlay,6th century BCE,Xingzheng% China,https://asia.si.edu/object/F1961.31a-b/,Art%Animals%Eastern Zhou dynasty (770 - 221 BCE)%Sculpture%Chinese Art%Inlay%WWII-era provenance%,undefined animal(mythical creatures),Eastern Zhou dynasty
Lidded food cauldron (<em>ding</em>) with painted decoration,edanmdm-fsg_F1968.34a-b,https://asia.si.edu/object/F1968.34a-b/,Yes,Chinese,Metalwork%Vessel%,metal,bronze,Bronze,206 BCE-220 CE,China,https://asia.si.edu/object/F1968.34a-b/,Art%Animals%Sculpture%Chinese Art%WWII-era provenance%Painted%Han dynasty (206 BCE - 220 CE)%Food%,undefined animal(mythical creatures),Han dynasty
Axe blade (<em>yue</em>),edanmdm-fsg_F1996.8,https://asia.si.edu/object/F1996.8/,No,Chinese,Metalwork%Tool and Equipment%,metal,bronze,Bronze,11th-10th century BCE,China,https://asia.si.edu/object/F1996.8/,Western Zhou dynasty (ca. 1050 - 771 BCE)%Art%Animals%Sculpture%Chinese Art%WWII-era provenance%Masks%,undefined animal(mythical creatures),Western Zhou dynasty